x-axis,1,2
second,Volt,Volt
+401.0000E-06,+321.0062407E-03,+811.9840336E-03
+401.1050E-06,+369.2474471E-03,+779.6796543E-03
+401.2100E-06,+303.7772384E-03,+779.6796543E-03
+401.3150E-06,+281.5231104E-03,+770.9215782E-03
+401.4200E-06,+363.3608713E-03,+804.8052827E-03
+401.5250E-06,+294.4448621E-03,+771.7830283E-03
+401.6300E-06,+283.8203107E-03,+839.1197122E-03
+401.7350E-06,+282.0974105E-03,+682.0486414E-03
+401.8400E-06,+299.7571379E-03,+757.9998265E-03
+401.9450E-06,+292.7219619E-03,+729.4283977E-03
+402.0500E-06,+281.5231104E-03,+773.2187785E-03
+402.1550E-06,+236.0816169E-03,+735.3149734E-03
+402.2600E-06,+285.6867860E-03,+762.8813771E-03
+402.3650E-06,+257.1871447E-03,+729.4283977E-03
+402.4700E-06,+282.7434981E-03,+739.9093741E-03
+402.5750E-06,+224.8109779E-03,+586.5712537E-03
+402.6800E-06,+244.9114806E-03,+683.3408165E-03
+402.7850E-06,+195.5216740E-03,+622.1778584E-03
+402.8900E-06,+242.5424928E-03,+605.0924312E-03
+402.9950E-06,+181.9538347E-03,+648.8828120E-03
+403.1000E-06,+169.8935331E-03,+694.2525180E-03
+403.2050E-06,+158.6228941E-03,+592.8885545E-03
+403.3100E-06,+162.2840571E-03,+635.0996101E-03
+403.4150E-06,+167.5245453E-03,+644.2884114E-03
+403.5200E-06,+108.2998499E-03,+485.7815903E-03
+403.6250E-06,+87.6968347E-03,+582.2640031E-03
+403.7300E-06,+93.7269855E-03,+453.9079361E-03
+403.8350E-06,+70.1806824E-03,+470.8497883E-03
+403.9400E-06,+72.1907326E-03,+420.0242316E-03
+404.0450E-06,+67.8834821E-03,+478.3156893E-03
+404.1500E-06,+88.7736473E-03,+428.6387327E-03
+404.2550E-06,+69.0320822E-03,+373.0752003E-03
+404.3600E-06,+79.9437837E-03,+551.8260991E-03
+404.4650E-06,+21.1498133E-03,+409.6868302E-03
+404.5700E-06,+5.1411987E-03,+364.7478492E-03
+404.6750E-06,+18.7808255E-03,+493.9653664E-03
+404.7800E-06,+16.6272003E-03,+433.8074334E-03
+404.8850E-06,-8.7855781E-03,+402.7952293E-03
+404.9900E-06,-22.3534174E-03,+391.7399528E-03
+405.0950E-06,-15.9643291E-03,+405.2360046E-03
+405.2000E-06,-111.1545667E-03,+333.8792201E-03
+405.3050E-06,-59.7547099E-03,+323.2546687E-03
+405.4100E-06,-93.4230519E-03,+168.9115232E-03
+405.5150E-06,-79.4962750E-03,+334.0227951E-03
+405.6200E-06,-109.2163040E-03,+262.3788606E-03
+405.7250E-06,-119.0511928E-03,+259.2202102E-03
+405.8300E-06,-165.2823489E-03,+193.0321264E-03
+405.9350E-06,-180.2141509E-03,+252.0414593E-03
+406.0400E-06,-171.6714373E-03,+228.7823062E-03
+406.1450E-06,-203.4733040E-03,+136.3199939E-03
+406.2500E-06,-224.5788318E-03,+162.3070723E-03
+406.3550E-06,-222.0662690E-03,+103.0105895E-03
+406.4600E-06,-247.5508348E-03,+126.4133176E-03
+406.5650E-06,-296.3663413E-03,+17.7270281E-03
+406.6700E-06,-290.0490405E-03,+13.4197776E-03
+406.7750E-06,-317.1847191E-03,+26.6286793E-03
+406.8800E-06,-265.5694997E-03,+46.4420319E-03
+406.9850E-06,-309.2163055E-03,-145.3741935E-03
+407.0900E-06,-278.1323139E-03,-53.9169064E-03
+407.1950E-06,-312.6621060E-03,-9.4086505E-03
+407.3000E-06,-334.0547838E-03,-49.4660808E-03
+407.4050E-06,-326.3017328E-03,-45.7331303E-03
+407.5100E-06,-371.7432263E-03,-77.3196345E-03
+407.6150E-06,-345.8279354E-03,-5.5321250E-03
+407.7200E-06,-381.5063276E-03,-215.5823779E-03
+407.8250E-06,-388.2543535E-03,-124.8429658E-03
+407.9300E-06,-456.5242751E-03,-216.8745530E-03
+408.0350E-06,-461.6211883E-03,-157.7216452E-03
+408.1400E-06,-453.7245622E-03,-258.3677335E-03
+408.2450E-06,-499.9557184E-03,-308.4754152E-03
+408.3500E-06,-532.9061852E-03,-321.5407419E-03
+408.4550E-06,-527.9528471E-03,-323.6943672E-03
+408.5600E-06,-527.2349720E-03,-291.2464129E-03
+408.6650E-06,-550.6377001E-03,-325.8479925E-03
+408.7700E-06,-551.4273627E-03,-401.2248775E-03
+408.8750E-06,-596.0791936E-03,-383.2780001E-03
+408.9800E-06,-547.4072622E-03,-350.9736208E-03
+409.0850E-06,-594.2127184E-03,-385.0009004E-03
+409.1900E-06,-647.9815630E-03,-367.6283231E-03
+409.2950E-06,-597.9456689E-03,-401.2248775E-03
+409.4000E-06,-630.8961358E-03,-425.6326307E-03
+409.5050E-06,-667.5795531E-03,-561.1674488E-03
+409.6100E-06,-650.7094884E-03,-501.1530908E-03
+409.7150E-06,-676.6965668E-03,-591.8925028E-03
+409.8200E-06,-704.8372706E-03,-481.3397381E-03
+409.9250E-06,-723.5020231E-03,-485.9341388E-03
+410.0300E-06,-743.8178883E-03,-656.2141114E-03
+410.1350E-06,-773.7532797E-03,-669.2794381E-03
+410.2400E-06,-786.3160939E-03,-583.4215767E-03
+410.3450E-06,-780.2141556E-03,-511.4904921E-03
+410.4500E-06,-795.6484701E-03,-658.2241617E-03
+410.5550E-06,-816.6822104E-03,-631.5192081E-03
+410.6600E-06,-805.6269340E-03,-636.9750588E-03
+410.7650E-06,-812.0878098E-03,-648.4610604E-03
+410.8700E-06,-821.7791236E-03,-750.3993239E-03
+410.9750E-06,-863.1287291E-03,-779.5450528E-03
+411.0800E-06,-906.4883849E-03,-803.2349309E-03
+411.1850E-06,-949.6326781E-03,-793.7589797E-03
+411.2900E-06,-916.8257862E-03,-826.4940840E-03
+411.3950E-06,-939.3670642E-03,-803.2349309E-03
+411.5000E-06,-947.8379904E-03,-925.2736971E-03
+411.6050E-06,-974.7583064E-03,-904.5988944E-03
+411.7100E-06,-951.8580909E-03,-857.9370132E-03
+411.8150E-06,-991.1258586E-03,-845.3024115E-03
+411.9200E-06,-974.4711564E-03,-941.6412493E-03
+412.0250E-06,-1.0128056865E+00,-969.7819530E-03
+412.1300E-06,-1.0273067634E+00,-969.9255280E-03
+412.2350E-06,-1.0995249980E+00,-881.4833163E-03
+412.3400E-06,-1.0661438061E+00,-1.0441538129E+00
+412.4450E-06,-1.0966534976E+00,-1.0313756362E+00
+412.5500E-06,-1.1082830742E+00,-1.0272119607E+00
+412.6550E-06,-1.1003864481E+00,-1.1239815235E+00
+412.7600E-06,-1.1157489752E+00,-1.0711459165E+00
+412.8650E-06,-1.1255120765E+00,-1.0372622120E+00
+412.9700E-06,-1.1242916888E+00,-1.1225457733E+00
+413.0750E-06,-1.1858135845E+00,-1.0674129660E+00
+413.1800E-06,-1.1705228449E+00,-1.1906003324E+00
+413.2850E-06,-1.1554474679E+00,-1.2777503689E+00
+413.3900E-06,-1.1473354794E+00,-1.2290784375E+00
+413.4950E-06,-1.1960791983E+00,-1.0951229447E+00
+413.6000E-06,-1.1779169584E+00,-1.2066807345E+00
+413.7050E-06,-1.2341983659E+00,-1.2249147619E+00
+413.8100E-06,-1.2245788396E+00,-1.2052449843E+00
+413.9150E-06,-1.2385774040E+00,-1.2322370879E+00
+414.0200E-06,-1.2347726660E+00,-1.2075421846E+00
+414.1250E-06,-1.2367827162E+00,-1.2806218693E+00
+414.2300E-06,-1.2377159539E+00,-1.2316627878E+00
+414.3350E-06,-1.3117288762E+00,-1.2628185670E+00
+414.4400E-06,-1.3011043248E+00,-1.3475278282E+00
+414.5450E-06,-1.3203433773E+00,-1.2679872676E+00
+414.6500E-06,-1.3351316043E+00,-1.3969176347E+00
+414.7550E-06,-1.3242199028E+00,-1.4108444116E+00
+414.8600E-06,-1.3396542174E+00,-1.2343907132E+00
+414.9650E-06,-1.3516427315E+00,-1.3673411808E+00
+415.0700E-06,-1.3767683598E+00,-1.4035220856E+00
+415.1750E-06,-1.3803577353E+00,-1.4292220140E+00
+415.2800E-06,-1.3708817841E+00,-1.4580805929E+00
+415.3850E-06,-1.3586061199E+00,-1.5486764299E+00
+415.4900E-06,-1.4246506287E+00,-1.5491071550E+00
+415.5950E-06,-1.4497044695E+00,-1.5496814551E+00
+415.7000E-06,-1.4205587406E+00,-1.5828472844E+00
+415.8050E-06,-1.4782758983E+00,-1.5318781527E+00
+415.9100E-06,-1.4381466805E+00,-1.6072550377E+00
+416.0150E-06,-1.4270196165E+00,-1.4697101694E+00
+416.1200E-06,-1.4872493370E+00,-1.5518350803E+00
+416.2250E-06,-1.4995250011E+00,-1.5778221588E+00
+416.3300E-06,-1.4576010956E+00,-1.5603060065E+00
+416.4350E-06,-1.4990942761E+00,-1.6072550377E+00
+416.5400E-06,-1.5014632639E+00,-1.5956254612E+00
+416.6450E-06,-1.4909822875E+00,-1.5920360857E+00
+416.7500E-06,-1.4700921222E+00,-1.4134287620E+00
+416.8550E-06,-1.5026118640E+00,-1.6068243126E+00
+416.9600E-06,-1.5171847285E+00,-1.6206075145E+00
+417.0650E-06,-1.5234302418E+00,-1.6490353683E+00
+417.1700E-06,-1.5087138024E+00,-1.6702844711E+00
+417.2750E-06,-1.5070626896E+00,-1.6575062944E+00
+417.3800E-06,-1.5275221299E+00,-1.5913182106E+00
+417.4850E-06,-1.5275221299E+00,-1.6072550377E+00
+417.5900E-06,-1.5617647719E+00,-1.6358264665E+00
+417.6950E-06,-1.5614776219E+00,-1.6323806660E+00
+417.8000E-06,-1.5479815701E+00,-1.7465228062E+00
+417.9050E-06,-1.5555910461E+00,-1.7350368047E+00
+418.0100E-06,-1.5568114337E+00,-1.6715766463E+00
+418.1150E-06,-1.5628415845E+00,-1.6701408961E+00
+418.2200E-06,-1.5915565884E+00,-1.6550655191E+00
+418.3250E-06,-1.5530066957E+00,-1.6582241695E+00
+418.4300E-06,-1.5987353393E+00,-1.7287195038E+00
+418.5350E-06,-1.5763376363E+00,-1.6865084482E+00
+418.6400E-06,-1.6168257917E+00,-1.7156541771E+00
+418.7450E-06,-1.5552321085E+00,-1.6504711185E+00
+418.8500E-06,-1.5910540758E+00,-1.8958408261E+00
+418.9550E-06,-1.5499198328E+00,-1.7208228778E+00
+419.0600E-06,-1.5512120080E+00,-1.7547065823E+00
+419.1650E-06,-1.5652105724E+00,-1.7272837537E+00
+419.2700E-06,-1.5640619722E+00,-1.7381954551E+00
+419.3750E-06,-1.6190512045E+00,-1.6610956699E+00
+419.4800E-06,-1.5526477582E+00,-1.6813397476E+00
+419.5850E-06,-1.5939973637E+00,-1.6384108168E+00
+419.6900E-06,-1.5694460354E+00,-1.6989994749E+00
+419.7950E-06,-1.5464740324E+00,-1.6702844711E+00
+419.9000E-06,-1.6025400773E+00,-1.7565730575E+00
+420.0050E-06,-1.5629133720E+00,-1.6302270408E+00
+420.1100E-06,-1.5900490507E+00,-1.7591574079E+00
+420.2150E-06,-1.6610468976E+00,-1.6895235236E+00
+420.3200E-06,-1.5611186843E+00,-1.7226893530E+00
+420.4250E-06,-1.5709535731E+00,-1.7149363020E+00
+420.5300E-06,-1.5844496249E+00,-1.8777503736E+00
+420.6350E-06,-1.5652105724E+00,-1.7133569768E+00
+420.7400E-06,-1.6224970049E+00,-1.7313038542E+00
+420.8450E-06,-1.5842342624E+00,-1.7126391017E+00
+420.9500E-06,-1.5275221299E+00,-1.7465228062E+00
+421.0550E-06,-1.5327626180E+00,-1.8458767194E+00
+421.1600E-06,-1.5434589570E+00,-1.7696383842E+00
+421.2650E-06,-1.5586061215E+00,-1.6760274718E+00
+421.3700E-06,-1.5864596752E+00,-1.7077575510E+00
+421.4750E-06,-1.5749018862E+00,-1.7608803081E+00
+421.5800E-06,-1.5526477582E+00,-1.6269248153E+00
+421.6850E-06,-1.5306089928E+00,-1.7394876302E+00
+421.7900E-06,-1.5477662075E+00,-1.7328831794E+00
+421.8950E-06,-1.5499916203E+00,-1.7077575510E+00
+422.0000E-06,-1.5275221299E+00,-1.6359700415E+00
+422.1050E-06,-1.4777015982E+00,-1.6349650164E+00
+422.2100E-06,-1.5378595312E+00,-1.7815551109E+00
+422.3150E-06,-1.4855982243E+00,-1.6741609966E+00
+422.4200E-06,-1.5212048290E+00,-1.7080447011E+00
+422.5250E-06,-1.5070626896E+00,-1.6747352967E+00
+422.6300E-06,-1.5229277292E+00,-1.6872263233E+00
+422.7350E-06,-1.5263735297E+00,-1.6569319943E+00
+422.8400E-06,-1.4681538595E+00,-1.7156541771E+00
+422.9450E-06,-1.4698049722E+00,-1.6826319227E+00
+423.0500E-06,-1.4682974345E+00,-1.6388415419E+00
+423.1550E-06,-1.4355623302E+00,-1.5976355114E+00
+423.2600E-06,-1.4507094946E+00,-1.6267812403E+00
+423.3650E-06,-1.4772708732E+00,-1.5884467102E+00
+423.4700E-06,-1.5149593157E+00,-1.5392004786E+00
+423.5750E-06,-1.4740404352E+00,-1.5634646569E+00
+423.6800E-06,-1.4573857330E+00,-1.5360418283E+00
+423.7850E-06,-1.4222098533E+00,-1.5715048579E+00
+423.8900E-06,-1.4078523515E+00,-1.5636082319E+00
+423.9950E-06,-1.3980174626E+00,-1.5067525244E+00
+424.1000E-06,-1.3810756104E+00,-1.5347496531E+00
+424.2050E-06,-1.3625544329E+00,-1.5854316348E+00
+424.3100E-06,-1.3798552227E+00,-1.5257044269E+00
+424.4150E-06,-1.3304654162E+00,-1.5374775784E+00
+424.5200E-06,-1.3554474695E+00,-1.4968458480E+00
+424.6250E-06,-1.3319011664E+00,-1.6072550377E+00
+424.7300E-06,-1.3761222722E+00,-1.4300834642E+00
+424.8350E-06,-1.3516427315E+00,-1.5274273271E+00
+424.9400E-06,-1.3013914748E+00,-1.3814115327E+00
+425.0450E-06,-1.3704510590E+00,-1.4944050727E+00
+425.1500E-06,-1.2927769737E+00,-1.3796886324E+00
+425.2550E-06,-1.2603290194E+00,-1.3446563278E+00
+425.3600E-06,-1.3019657749E+00,-1.3559987543E+00
+425.4650E-06,-1.2745429463E+00,-1.2875134702E+00
+425.5700E-06,-1.2878236355E+00,-1.3206792996E+00
+425.6750E-06,-1.2637030323E+00,-1.3351803766E+00
+425.7800E-06,-1.2027554367E+00,-1.2266376621E+00
+425.8850E-06,-1.2204869516E+00,-1.3336010513E+00
+425.9900E-06,-1.1993096363E+00,-1.2822011945E+00
+426.0950E-06,-1.1405156659E+00,-1.2052449843E+00
+426.2000E-06,-1.1635594565E+00,-1.2368314885E+00
+426.3050E-06,-1.2270196150E+00,-1.2157259607E+00
+426.4100E-06,-1.1472636918E+00,-1.2226175616E+00
+426.5150E-06,-1.1479815669E+00,-1.1920360825E+00
+426.6200E-06,-1.0804295205E+00,-1.1549937276E+00
+426.7250E-06,-1.1603290186E+00,-1.2468817399E+00
+426.8300E-06,-1.1129492623E+00,-1.1834215814E+00
+426.9350E-06,-1.0816499081E+00,-1.1331703247E+00
+427.0400E-06,-1.0936384222E+00,-1.1452306263E+00
+427.1450E-06,-1.1064883864E+00,-1.1923232326E+00
+427.2500E-06,-1.0142414367E+00,-1.1190999728E+00
+427.3550E-06,-1.0382184649E+00,-981.2679545E-03
+427.4600E-06,-1.0353469645E+00,-1.1327395997E+00
+427.5650E-06,-958.3907542E-03,-1.0799039926E+00
+427.6700E-06,-981.0756073E-03,-1.0671258160E+00
+427.7750E-06,-957.5293041E-03,-995.6254565E-03
+427.8800E-06,-939.3670642E-03,-1.0725816666E+00
+427.9850E-06,-961.9083422E-03,-952.2658007E-03
+428.0900E-06,-929.6757504E-03,-875.1660155E-03
+428.1950E-06,-908.2112851E-03,-913.9312706E-03
+428.3000E-06,-948.5558654E-03,-826.2069339E-03
+428.4050E-06,-873.1789805E-03,-812.8544572E-03
+428.5100E-06,-895.2177459E-03,-836.6879103E-03
+428.6150E-06,-922.1380619E-03,-855.0655128E-03
+428.7200E-06,-824.0045364E-03,-740.0619225E-03
+428.8250E-06,-827.5939119E-03,-784.5701784E-03
+428.9300E-06,-788.3979317E-03,-717.3770695E-03
+429.0350E-06,-816.7539979E-03,-828.3605592E-03
+429.1400E-06,-798.8789081E-03,-783.4215783E-03
+429.2450E-06,-746.0433010E-03,-803.2349309E-03
+429.3500E-06,-759.0368403E-03,-702.7324176E-03
+429.4550E-06,-753.0066895E-03,-606.5371547E-03
+429.5600E-06,-715.6771845E-03,-605.5321296E-03
+429.6650E-06,-684.8803429E-03,-573.3713254E-03
+429.7700E-06,-727.3067611E-03,-542.0719712E-03
+429.8750E-06,-714.5285844E-03,-483.7805135E-03
+429.9800E-06,-721.9944854E-03,-626.4940824E-03
+430.0850E-06,-671.0253536E-03,-683.3497901E-03
+430.1900E-06,-631.4704358E-03,-518.6692431E-03
+430.2950E-06,-616.6104214E-03,-463.6800108E-03
+430.4000E-06,-593.2076932E-03,-467.2693863E-03
+430.5050E-06,-612.7338958E-03,-456.0705348E-03
+430.6100E-06,-560.4725889E-03,-549.6814472E-03
+430.7150E-06,-562.4108517E-03,-480.0475630E-03
+430.8200E-06,-537.4287983E-03,-429.0784312E-03
+430.9250E-06,-522.4969964E-03,-337.3339940E-03
+431.0300E-06,-506.9908943E-03,-410.8444038E-03
+431.1350E-06,-504.3347564E-03,-334.1753436E-03
+431.2400E-06,-497.3713680E-03,-470.2844617E-03
+431.3450E-06,-469.8049644E-03,-373.6584739E-03
+431.4500E-06,-422.7123581E-03,-294.9793634E-03
+431.5550E-06,-400.0275051E-03,-221.1818036E-03
+431.6600E-06,-395.4331045E-03,-249.4660824E-03
+431.7650E-06,-384.9521281E-03,-287.5134624E-03
+431.8700E-06,-420.7023078E-03,-227.9298295E-03
+431.9750E-06,-357.0267869E-03,-257.6498584E-03
+432.0800E-06,-363.5594503E-03,-126.9965911E-03
+432.1850E-06,-340.4438722E-03,-259.5163337E-03
+432.2900E-06,-314.7439438E-03,-149.9685941E-03
+432.3950E-06,-323.7891699E-03,-159.8752704E-03
+432.5000E-06,-280.2141517E-03,+785.1759E-06
+432.6050E-06,-283.8035272E-03,+785.1759E-06
+432.7100E-06,-283.8035272E-03,-70.1408835E-03
+432.8150E-06,-208.7137922E-03,+76.1620609E-03
+432.9200E-06,-252.3605980E-03,-11.7058508E-03
+433.0250E-06,-254.3706482E-03,-65.2593329E-03
+433.1300E-06,-230.0346825E-03,+92.0988880E-03
+433.2350E-06,-219.2665561E-03,+785.1759E-06
+433.3400E-06,-141.6642583E-03,-17.4488516E-03
+433.4450E-06,-197.2277907E-03,+71.4240853E-03
+433.5500E-06,-134.1265698E-03,+66.8296847E-03
+433.6550E-06,-110.8674167E-03,+139.7657944E-03
+433.7600E-06,-114.8875172E-03,+106.8871150E-03
+433.8650E-06,-133.8394197E-03,+101.2876892E-03
+433.9700E-06,-131.8293695E-03,+199.3494273E-03
+434.0750E-06,-107.9241288E-03,+133.5920685E-03
+434.1800E-06,-100.6018028E-03,+174.6545239E-03
+434.2850E-06,-81.3627502E-03,+324.5468438E-03
+434.3900E-06,-38.5056071E-03,+252.0414593E-03
+434.4950E-06,+23.8059512E-03,+277.1670876E-03
+434.6000E-06,+2.9875734E-03,+389.8734776E-03
+434.7050E-06,+44.4807540E-03,+230.2180564E-03
+434.8100E-06,+35.0048027E-03,+258.2151851E-03
+434.9150E-06,+5.1411987E-03,+389.2991775E-03
+435.0200E-06,+5.1411987E-03,+249.7442590E-03
+435.1250E-06,+51.8030799E-03,+334.5970952E-03
+435.2300E-06,+67.7399070E-03,+400.6416040E-03
+435.3350E-06,+70.1806824E-03,+382.1204265E-03
+435.4400E-06,+30.5539771E-03,+352.8311226E-03
+435.5450E-06,+74.2007829E-03,+415.1426809E-03
+435.6500E-06,+97.0292109E-03,+452.3286108E-03
+435.7550E-06,+77.1440708E-03,+555.7026246E-03
+435.8600E-06,+105.0694120E-03,+401.6466291E-03
+435.9650E-06,+115.9811134E-03,+413.1326306E-03
+436.0700E-06,+147.0651051E-03,+457.7844616E-03
+436.1750E-06,+125.0263397E-03,+580.8282529E-03
+436.2800E-06,+182.0974097E-03,+540.1965225E-03
+436.3850E-06,+161.4943945E-03,+427.9208576E-03
+436.4900E-06,+231.2718538E-03,+526.8440457E-03
+436.5950E-06,+184.6817601E-03,+598.9187053E-03
+436.7000E-06,+228.0414158E-03,+478.8899894E-03
+436.8050E-06,+230.2668286E-03,+593.3192796E-03
+436.9100E-06,+243.8346679E-03,+635.6739102E-03
+437.0150E-06,+241.1785301E-03,+716.2194959E-03
+437.1200E-06,+292.7937494E-03,+628.9258843E-03
+437.2250E-06,+235.5791043E-03,+580.1103778E-03
+437.3300E-06,+289.7068865E-03,+553.5489993E-03
+437.4350E-06,+270.3960465E-03,+729.4283977E-03
+437.5400E-06,+282.4563480E-03,+752.6875508E-03
+437.6450E-06,+305.5001386E-03,+762.1635020E-03
+437.7500E-06,+299.4699878E-03,+783.2690298E-03
+437.8550E-06,+294.5166496E-03,+804.3745576E-03
+437.9600E-06,+335.4355301E-03,+716.0759209E-03
+438.0650E-06,+277.4312224E-03,+779.6796543E-03
+438.1700E-06,+338.0198804E-03,+691.9553177E-03
+438.2750E-06,+331.7743671E-03,+728.7105225E-03
+438.3800E-06,+310.1663268E-03,+791.0220808E-03
+438.4850E-06,+344.0500312E-03,+803.0823824E-03
+438.5900E-06,+342.6142811E-03,+686.0687419E-03
+438.6950E-06,+350.4391196E-03,+764.7478524E-03
+438.8000E-06,+359.0536207E-03,+729.4283977E-03
+438.9050E-06,+390.8554874E-03,+804.8052827E-03
+439.0100E-06,+398.7521135E-03,+849.4571136E-03
+439.1150E-06,+371.8317974E-03,+800.0673070E-03
+439.2200E-06,+427.3953298E-03,+807.2460580E-03
+439.3250E-06,+407.1512521E-03,+830.6487861E-03
+439.4300E-06,+405.0694143E-03,+804.8052827E-03
+439.5350E-06,+391.2144250E-03,+848.3085134E-03
+439.6400E-06,+410.4534776E-03,+823.3264601E-03
+439.7450E-06,+392.0040876E-03,+802.2209323E-03
+439.8500E-06,+384.1792491E-03,+806.2410329E-03
+439.9550E-06,+454.6745834E-03,+817.8706093E-03
+440.0600E-06,+424.2366794E-03,+823.7571852E-03
+440.1650E-06,+469.9653230E-03,+880.1821677E-03
+440.2700E-06,+448.6444326E-03,+802.5080824E-03
+440.3750E-06,+466.3759475E-03,+984.2740565E-03
+440.4800E-06,+432.2768805E-03,+806.9589079E-03
+440.5850E-06,+409.3766649E-03,+889.0838189E-03
+440.6900E-06,+381.8820488E-03,+838.4018371E-03
+440.7950E-06,+432.1333054E-03,+867.6911410E-03
+440.9000E-06,+441.2503192E-03,+939.7658006E-03
+441.0050E-06,+469.9653230E-03,+873.4341418E-03
+441.1100E-06,+469.3910229E-03,+879.6078676E-03
+441.2150E-06,+444.8396946E-03,+873.2905668E-03
+441.3200E-06,+456.0385461E-03,+902.5798706E-03
+441.4250E-06,+489.3479505E-03,+843.5705378E-03
+441.5300E-06,+468.0988477E-03,+876.4492172E-03
+441.6350E-06,+453.2388333E-03,+849.4571136E-03
+441.7400E-06,+454.2438584E-03,+829.9309110E-03
+441.8450E-06,+456.1821211E-03,+829.9309110E-03
+441.9500E-06,+438.7377563E-03,+817.7270344E-03
+442.0550E-06,+456.3256962E-03,+915.7887724E-03
+442.1600E-06,+451.5877205E-03,+893.6782195E-03
+442.2650E-06,+482.5281371E-03,+899.9955204E-03
+442.3700E-06,+422.2984166E-03,+855.0565394E-03
+442.4750E-06,+467.8116977E-03,+810.5482834E-03
+442.5800E-06,+456.3256962E-03,+860.5123901E-03
+442.6850E-06,+474.7032986E-03,+876.8799423E-03
+442.7900E-06,+411.0995652E-03,+839.6940123E-03
+442.8950E-06,+449.7930328E-03,+845.1498631E-03
+443.0000E-06,+441.2503191E-03,+822.7521600E-03
+443.1050E-06,+395.6652506E-03,+806.9589079E-03
+443.2100E-06,+434.5022932E-03,+838.8325622E-03
+443.3150E-06,+423.8059543E-03,+888.9402438E-03
+443.4200E-06,+375.7801105E-03,+855.0565394E-03
+443.5250E-06,+399.9725012E-03,+862.2352903E-03
+443.6300E-06,+422.0112666E-03,+818.5884845E-03
+443.7350E-06,+456.2539086E-03,+805.9538829E-03
+443.8400E-06,+399.7571386E-03,+804.8052827E-03
+443.9450E-06,+421.0780290E-03,+779.6796543E-03
+444.0500E-06,+380.9488111E-03,+843.5705378E-03
+444.1550E-06,+356.8999954E-03,+843.2833878E-03
+444.2600E-06,+328.9746542E-03,+804.8052827E-03
+444.3650E-06,+307.4384014E-03,+806.3846079E-03
+444.4700E-06,+341.8964060E-03,+802.3645074E-03
+444.5750E-06,+347.2086817E-03,+760.2970268E-03
+444.6800E-06,+368.3859970E-03,+775.5159788E-03
+444.7850E-06,+315.3350274E-03,+769.0551029E-03
+444.8900E-06,+288.1275613E-03,+786.2841052E-03
+444.9950E-06,+284.1074608E-03,+822.1778600E-03
+445.1000E-06,+366.5913093E-03,+778.2439042E-03
+445.2050E-06,+298.4649627E-03,+782.9818798E-03
+445.3100E-06,+312.8224646E-03,+707.6049947E-03
+445.4150E-06,+294.0859246E-03,+754.5540260E-03
+445.5200E-06,+264.0069581E-03,+746.9445500E-03
+445.6250E-06,+270.7549840E-03,+779.6796543E-03
+445.7300E-06,+280.4462978E-03,+656.6358629E-03
+445.8350E-06,+254.1720693E-03,+761.8763520E-03
+445.9400E-06,+277.2876474E-03,+720.9574716E-03
+446.0450E-06,+256.2539071E-03,+641.1297609E-03
+446.1500E-06,+252.0902315E-03,+664.1017641E-03
+446.2550E-06,+149.1469429E-03,+765.8964525E-03
+446.3600E-06,+242.1117677E-03,+751.1082255E-03
+446.4650E-06,+219.2115522E-03,+686.0687419E-03
+446.5700E-06,+202.4132749E-03,+618.7320579E-03
+446.6750E-06,+203.9926001E-03,+503.2977426E-03
+446.7800E-06,+128.6157152E-03,+594.1807297E-03
+446.8850E-06,+116.8425636E-03,+598.2008302E-03
+446.9900E-06,+105.6437121E-03,+509.6150435E-03
+447.0950E-06,+96.7420609E-03,+440.1247342E-03
+447.2000E-06,+86.9789596E-03,+441.5604844E-03
+447.3050E-06,+70.0371074E-03,+484.4894151E-03
+447.4100E-06,+80.5180837E-03,+450.1749855E-03
+447.5150E-06,+105.6437121E-03,+446.4420351E-03
+447.6200E-06,+94.3730731E-03,+413.1326307E-03
+447.7250E-06,+70.8267699E-03,+353.9797228E-03
+447.8300E-06,+35.7226778E-03,+478.1721143E-03
+447.9350E-06,+50.8698423E-03,+412.2711805E-03
+448.0400E-06,+62.1404813E-03,+379.5360762E-03
+448.1450E-06,+24.1648888E-03,+402.7952293E-03
+448.2500E-06,+39.2402657E-03,+381.2589764E-03
+448.3550E-06,-6.7755279E-03,+452.6157609E-03
+448.4600E-06,-49.5608835E-03,+448.5956604E-03
+448.5650E-06,-36.7827068E-03,+436.1046337E-03
+448.6700E-06,-70.3074738E-03,+377.6696009E-03
+448.7750E-06,-62.3390603E-03,+385.5662270E-03
+448.8800E-06,-95.3613146E-03,+281.7614882E-03
+448.9850E-06,-119.9126429E-03,+377.0953009E-03
+449.0900E-06,-134.7726574E-03,+312.6301173E-03
+449.1950E-06,-136.7827076E-03,+285.3508638E-03
+449.3000E-06,-144.5357586E-03,+313.7787174E-03
+449.4050E-06,-180.3577259E-03,+200.2108773E-03
+449.5100E-06,-151.2119971E-03,+224.1879056E-03
+449.6150E-06,-162.9133611E-03,+244.1448332E-03
+449.7200E-06,-194.6434403E-03,+45.4370067E-03
+449.8250E-06,-192.2744525E-03,+163.0249475E-03
+449.9300E-06,-199.0224784E-03,+13.4197775E-03
+450.0350E-06,-254.8013733E-03,+40.4118811E-03
+450.1400E-06,-240.1567214E-03,+65.5375096E-03
+450.2450E-06,-321.4919697E-03,+23.3264539E-03
+450.3500E-06,-313.9542811E-03,+119.2345667E-03
+450.4550E-06,-291.9873032E-03,-77.8939346E-03
+450.5600E-06,-318.4051067E-03,+19.7370784E-03
+450.6650E-06,-327.3067579E-03,-74.5917091E-03
+450.7700E-06,-335.2033840E-03,-51.7632811E-03
+450.8750E-06,-307.1344678E-03,-49.4660808E-03
+450.9800E-06,-409.6470314E-03,-49.4660808E-03
+451.0850E-06,-375.4043893E-03,-203.0913513E-03
+451.1900E-06,-459.3957755E-03,-57.3627069E-03
+451.2950E-06,-421.7791204E-03,-99.7173375E-03
+451.4000E-06,-447.8379865E-03,-225.3454791E-03
+451.5050E-06,-482.5113535E-03,-195.9126004E-03
+451.6100E-06,-447.1201113E-03,-196.7740503E-03
+451.7150E-06,-472.2457397E-03,-315.5105912E-03
+451.8200E-06,-506.2012317E-03,-389.0210009E-03
+451.9250E-06,-549.7762500E-03,-321.5407419E-03
+452.0300E-06,-550.5659126E-03,-246.1638570E-03
+452.1350E-06,-532.2600977E-03,-258.7984586E-03
+452.2400E-06,-557.8164510E-03,-302.3016894E-03
+452.3450E-06,-551.2837877E-03,-282.9190618E-03
+452.4500E-06,-610.4366955E-03,-388.3031258E-03
+452.5550E-06,-586.3878798E-03,-380.2629248E-03
+452.6600E-06,-639.4388494E-03,-468.8487115E-03
+452.7650E-06,-636.2084115E-03,-458.0805851E-03
+452.8700E-06,-678.4194671E-03,-403.8092279E-03
+452.9750E-06,-628.0246353E-03,-501.7273909E-03
+453.0800E-06,-698.3763947E-03,-614.2902059E-03
+453.1850E-06,-700.0275074E-03,-429.6527312E-03
+453.2900E-06,-723.5020231E-03,-439.8465576E-03
+453.3950E-06,-717.4000848E-03,-596.9176285E-03
+453.5000E-06,-736.0648372E-03,-519.6742683E-03
+453.6050E-06,-798.0174580E-03,-503.8810161E-03
+453.7100E-06,-763.4158784E-03,-546.2356466E-03
+453.8150E-06,-773.7532797E-03,-585.8623520E-03
+453.9200E-06,-767.3641914E-03,-627.0683825E-03
+454.0250E-06,-778.0605303E-03,-694.8357915E-03
+454.1300E-06,-865.0669918E-03,-771.0741265E-03
+454.2350E-06,-824.5788365E-03,-507.4703917E-03
+454.3400E-06,-870.8099926E-03,-699.2866171E-03
+454.4450E-06,-860.3290162E-03,-785.5752035E-03
+454.5500E-06,-941.7360520E-03,-791.7489294E-03
+454.6550E-06,-927.4503376E-03,-803.2349309E-03
+454.7600E-06,-971.9585936E-03,-833.9599850E-03
+454.8650E-06,-937.8595265E-03,-968.0590527E-03
+454.9700E-06,-947.1919028E-03,-896.4151183E-03
+455.0750E-06,-958.9650543E-03,-877.8939409E-03
+455.1800E-06,-997.8020970E-03,-861.8135387E-03
+455.2850E-06,-978.1323194E-03,-940.4926491E-03
+455.3900E-06,-1.0058422980E+00,-985.7187802E-03
+455.4950E-06,-986.0289454E-03,-943.6512995E-03
+455.6000E-06,-1.0375723773E+00,-938.9133238E-03
+455.7050E-06,-1.0080677108E+00,-1.0108444086E+00
+455.8100E-06,-1.0641337558E+00,-1.0198896347E+00
+455.9150E-06,-1.0810756081E+00,-983.2780049E-03
+456.0200E-06,-1.0828702958E+00,-1.0049578328E+00
+456.1250E-06,-1.0896183217E+00,-1.1011530955E+00
+456.2300E-06,-1.1604008062E+00,-1.2017991839E+00
+456.3350E-06,-1.1255120765E+00,-1.0796168426E+00
+456.4400E-06,-1.1380748906E+00,-1.1047424710E+00
+456.5450E-06,-1.1693742448E+00,-1.1423591259E+00
+456.6500E-06,-1.1682256447E+00,-1.1557116028E+00
+456.7550E-06,-1.1506377048E+00,-1.1914617824E+00
+456.8600E-06,-1.1640619691E+00,-1.2069678846E+00
+456.9650E-06,-1.1814345464E+00,-1.1618853285E+00
+457.0700E-06,-1.2273785525E+00,-1.2079729097E+00
+457.1750E-06,-1.2579600316E+00,-1.2282169873E+00
+457.2800E-06,-1.1971560109E+00,-1.2747352936E+00
+457.3850E-06,-1.1911258602E+00,-1.2415694642E+00
+457.4900E-06,-1.2982328244E+00,-1.2586548914E+00
+457.5950E-06,-1.2952895365E+00,-1.2150080855E+00
+457.7000E-06,-1.2730354086E+00,-1.2626749919E+00
+457.8050E-06,-1.2804295221E+00,-1.2450152646E+00
+457.9100E-06,-1.3212048274E+00,-1.3096240231E+00
+458.0150E-06,-1.3397260049E+00,-1.3704998313E+00
+458.1200E-06,-1.3152464642E+00,-1.3914617841E+00
+458.2250E-06,-1.3229277277E+00,-1.4952665229E+00
+458.3300E-06,-1.3265171032E+00,-1.4128544620E+00
+458.4350E-06,-1.3815063354E+00,-1.4157259622E+00
+458.5400E-06,-1.3583907574E+00,-1.4681308442E+00
+458.6450E-06,-1.3733225594E+00,-1.4366879151E+00
+458.7500E-06,-1.3731789843E+00,-1.5103418998E+00
+458.8550E-06,-1.3395106424E+00,-1.5076139744E+00
+458.9600E-06,-1.4063448137E+00,-1.4386979654E+00
+459.0650E-06,-1.3937102121E+00,-1.5067525244E+00
+459.1700E-06,-1.4394388556E+00,-1.5067525244E+00
+459.2750E-06,-1.4442486188E+00,-1.4658336440E+00
+459.3800E-06,-1.4521452448E+00,-1.5226893514E+00
+459.4850E-06,-1.4281682167E+00,-1.5827037095E+00
+459.5900E-06,-1.4937820004E+00,-1.6254890651E+00
+459.6950E-06,-1.4470483316E+00,-1.5468099546E+00
+459.8000E-06,-1.4614776210E+00,-1.5089061497E+00
+459.9050E-06,-1.4743275853E+00,-1.6286477155E+00
+460.0100E-06,-1.4800705861E+00,-1.5877288351E+00
+460.1150E-06,-1.4686563721E+00,-1.6088343629E+00
+460.2200E-06,-1.5275221299E+00,-1.5845701847E+00
+460.3250E-06,-1.5242916919E+00,-1.6072550377E+00
+460.4300E-06,-1.5348444558E+00,-1.6282169905E+00
+460.5350E-06,-1.5202715914E+00,-1.6362571915E+00
+460.6400E-06,-1.5176154535E+00,-1.6191717643E+00
+460.7450E-06,-1.5726046858E+00,-1.6297963157E+00
+460.8500E-06,-1.5275221299E+00,-1.6560705442E+00
+460.9550E-06,-1.5329779806E+00,-1.5788271839E+00
+461.0600E-06,-1.5637748221E+00,-1.6542040690E+00
+461.1650E-06,-1.5275221299E+00,-1.6207510895E+00
+461.2700E-06,-1.5351316059E+00,-1.6049578374E+00
+461.3750E-06,-1.5347008808E+00,-1.5498250301E+00
+461.4800E-06,-1.5775580240E+00,-1.7086190011E+00
+461.5850E-06,-1.5341983682E+00,-1.7239815282E+00
+461.6900E-06,-1.5527913332E+00,-1.6493225183E+00
+461.7950E-06,-1.5588932715E+00,-1.7456613561E+00
+461.9000E-06,-1.5863878877E+00,-1.6912464239E+00
+462.0050E-06,-1.6039758275E+00,-1.6575062944E+00
+462.1100E-06,-1.5409463942E+00,-1.6084036379E+00
+462.2150E-06,-1.5674359852E+00,-1.6279298404E+00
+462.3200E-06,-1.5550167460E+00,-1.7600188579E+00
+462.4250E-06,-1.5993096394E+00,-1.6417130422E+00
+462.5300E-06,-1.5892593881E+00,-1.7483892814E+00
+462.6350E-06,-1.5972995891E+00,-1.7216843279E+00
+462.7400E-06,-1.5761940613E+00,-1.6810525975E+00
+462.8450E-06,-1.5927769760E+00,-1.7709305595E+00
+462.9500E-06,-1.5745429486E+00,-1.7379083052E+00
+463.0550E-06,-1.6154618290E+00,-1.8626749967E+00
+463.1600E-06,-1.5652105724E+00,-1.6758838968E+00
+463.2650E-06,-1.5460433073E+00,-1.7394876303E+00
+463.3700E-06,-1.5716714483E+00,-1.6124237384E+00
+463.4750E-06,-1.5763376363E+00,-1.7522658070E+00
+463.5800E-06,-1.5526477582E+00,-1.7580088077E+00
+463.6850E-06,-1.5777733865E+00,-1.8144337902E+00
+463.7900E-06,-1.5652105724E+00,-1.7058910758E+00
+463.8950E-06,-1.5728200484E+00,-1.7077575510E+00
+464.0000E-06,-1.5364955686E+00,-1.7328831793E+00
+464.1050E-06,-1.5656412974E+00,-1.7090497262E+00
+464.2100E-06,-1.5903362007E+00,-1.7742327849E+00
+464.3150E-06,-1.5317575929E+00,-1.6496096683E+00
+464.4200E-06,-1.5654259349E+00,-1.7203921527E+00
+464.5250E-06,-1.5490583827E+00,-1.6840676730E+00
+464.6300E-06,-1.5652105724E+00,-1.6780375221E+00
+464.7350E-06,-1.6003146645E+00,-1.6586548946E+00
+464.8400E-06,-1.5526477582E+00,-1.7294373789E+00
+464.9450E-06,-1.5186922662E+00,-1.6724380963E+00
+465.0500E-06,-1.5652105724E+00,-1.6754531718E+00
+465.1550E-06,-1.5323318930E+00,-1.6633928701E+00
+465.2600E-06,-1.5540117208E+00,-1.6184538892E+00
+465.3650E-06,-1.5424539319E+00,-1.6511889935E+00
+465.4700E-06,-1.5250813545E+00,-1.6753095968E+00
+465.5750E-06,-1.4805013111E+00,-1.6460202928E+00
+465.6800E-06,-1.5505659204E+00,-1.7706434093E+00
+465.7850E-06,-1.5130210529E+00,-1.6681308458E+00
+465.8900E-06,-1.4957920506E+00,-1.6072550377E+00
+465.9950E-06,-1.4937102129E+00,-1.6124237384E+00
+466.1000E-06,-1.5031143766E+00,-1.6115622882E+00
+466.2050E-06,-1.5220662791E+00,-1.6662643706E+00
+466.3100E-06,-1.4772708732E+00,-1.6295091656E+00
+466.4150E-06,-1.4889004497E+00,-1.6188846143E+00
+466.5200E-06,-1.4860289493E+00,-1.6399901421E+00
+466.6250E-06,-1.5077805648E+00,-1.6287912905E+00
+466.7300E-06,-1.4774862357E+00,-1.6046706874E+00
+466.8350E-06,-1.4883979371E+00,-1.6530554688E+00
+466.9400E-06,-1.4687999471E+00,-1.6408515921E+00
+467.0450E-06,-1.4646362715E+00,-1.5947640111E+00
+467.1500E-06,-1.4062012387E+00,-1.5641825319E+00
+467.2550E-06,-1.4395824307E+00,-1.5707869829E+00
+467.3600E-06,-1.4138825022E+00,-1.5067525244E+00
+467.4650E-06,-1.4110110019E+00,-1.5422155540E+00
+467.5700E-06,-1.3930641245E+00,-1.5012966735E+00
+467.6750E-06,-1.3778451725E+00,-1.5361854033E+00
+467.7800E-06,-1.4040476134E+00,-1.4987123234E+00
+467.8850E-06,-1.3795680727E+00,-1.4900978222E+00
+467.9900E-06,-1.3280964284E+00,-1.5130698253E+00
+468.0950E-06,-1.2734661335E+00,-1.4484610665E+00
+468.2000E-06,-1.3297475411E+00,-1.4428616410E+00
+468.3050E-06,-1.3443204055E+00,-1.5067525244E+00
+468.4100E-06,-1.3357059043E+00,-1.3811243827E+00
+468.5150E-06,-1.3139542890E+00,-1.4181667376E+00
+468.6200E-06,-1.2962227741E+00,-1.3940461345E+00
+468.7250E-06,-1.2741122212E+00,-1.3782528823E+00
+468.8300E-06,-1.3057705129E+00,-1.4740174201E+00
+468.9350E-06,-1.2338394284E+00,-1.3465228031E+00
+469.0400E-06,-1.2860289478E+00,-1.2671258175E+00
+469.1450E-06,-1.2344137283E+00,-1.2227611366E+00
+469.2500E-06,-1.2906233483E+00,-1.2913899957E+00
+469.3550E-06,-1.2756197589E+00,-1.3291502258E+00
+469.4600E-06,-1.1994532112E+00,-1.3057474977E+00
+469.5650E-06,-1.2092163126E+00,-1.2721509432E+00
+469.6700E-06,-1.1381466781E+00,-1.2431487894E+00
+469.7750E-06,-1.1965817109E+00,-1.2712894930E+00
+469.8800E-06,-1.1654977193E+00,-1.1298680993E+00
+469.9850E-06,-1.1626262189E+00,-1.1327395998E+00
+470.0900E-06,-1.1471919044E+00,-1.2086907847E+00
+470.1950E-06,-1.0990224854E+00,-1.1950511579E+00
+470.3000E-06,-1.0924898220E+00,-1.1549937276E+00
+470.4050E-06,-1.1207023133E+00,-1.1394876256E+00
+470.5100E-06,-1.0906233468E+00,-1.1996455585E+00
+470.6150E-06,-1.0493455288E+00,-1.1706434046E+00
+470.7200E-06,-1.0173282996E+00,-991.3182058E-03
+470.8250E-06,-1.0214201877E+00,-1.0552090893E+00
+470.9300E-06,-1.0448947033E+00,-1.1193871229E+00
+471.0350E-06,-1.0395106400E+00,-1.0177360095E+00
+471.1400E-06,-1.0647080558E+00,-972.5098784E-03
+471.2450E-06,-994.7152340E-03,-888.9492174E-03
+471.3500E-06,-953.2220535E-03,-981.9858296E-03
+471.4550E-06,-935.9930513E-03,-928.8630726E-03
+471.5600E-06,-918.3333239E-03,-878.6118159E-03
+471.6650E-06,-906.1294473E-03,-915.3670208E-03
+471.7700E-06,-905.4833597E-03,-903.7374443E-03
+471.8750E-06,-913.7389233E-03,-867.8436894E-03
+471.9800E-06,-887.0339698E-03,-902.0145441E-03
+472.0850E-06,-860.9033164E-03,-869.7101648E-03
+472.1900E-06,-899.3814214E-03,-845.3024115E-03
+472.2950E-06,-855.4474656E-03,-790.8874793E-03
+472.4000E-06,-831.1832873E-03,-803.2349309E-03
+472.5050E-06,-804.5501213E-03,-773.5149019E-03
+472.6100E-06,-750.3505517E-03,-827.7862592E-03
+472.7150E-06,-724.7224107E-03,-821.4689584E-03
+472.8200E-06,-741.1617504E-03,-773.3713270E-03
+472.9250E-06,-723.5020231E-03,-691.2464160E-03
+473.0300E-06,-726.4453109E-03,-741.2105227E-03
+473.1350E-06,-646.7611754E-03,-646.8817351E-03
+473.2400E-06,-706.9908958E-03,-603.8092294E-03
+473.3450E-06,-700.8171700E-03,-637.1186338E-03
+473.4500E-06,-663.5594526E-03,-640.9951593E-03
+473.5550E-06,-657.5293018E-03,-572.9406003E-03
+473.6600E-06,-644.2486126E-03,-623.4790071E-03
+473.7650E-06,-672.6046788E-03,-452.7683094E-03
+473.8700E-06,-585.3110672E-03,-476.6017625E-03
+473.9750E-06,-611.1545706E-03,-541.9283963E-03
+474.0800E-06,-532.3318852E-03,-435.1085821E-03
+474.1850E-06,-531.9729476E-03,-401.2248775E-03
+474.2900E-06,-547.6226247E-03,-401.2248775E-03
+474.3950E-06,-530.1064724E-03,-408.8343535E-03
+474.5000E-06,-486.6032416E-03,-444.2973832E-03
+474.6050E-06,-460.1136506E-03,-402.0863276E-03
+474.7100E-06,-470.0203269E-03,-350.9736208E-03
+474.8150E-06,-480.4295158E-03,-358.8702470E-03
+474.9200E-06,-434.6290847E-03,-300.5787891E-03
+475.0250E-06,-430.2500466E-03,-335.1803688E-03
+475.1300E-06,-464.1337510E-03,-378.2528744E-03
+475.2350E-06,-408.2830687E-03,-301.8709643E-03
+475.3400E-06,-409.4316688E-03,-221.8996787E-03
+475.4450E-06,-387.0339659E-03,-154.7065697E-03
+475.5500E-06,-350.2069734E-03,-161.4545956E-03
+475.6550E-06,-321.4919697E-03,-214.1466275E-03
+475.7600E-06,-346.6175980E-03,-91.3899864E-03
+475.8650E-06,-297.9456666E-03,-15.0080764E-03
+475.9700E-06,-323.9327450E-03,-162.1724707E-03
+476.0750E-06,-321.4919697E-03,-99.7173375E-03
+476.1800E-06,-274.3993634E-03,-49.4660808E-03
+476.2850E-06,-255.3038858E-03,-74.5917091E-03
+476.3900E-06,-246.7611723E-03,+68.2654348E-03
+476.4950E-06,-252.2170229E-03,+33.6638553E-03
+476.6000E-06,-214.1696428E-03,+15.8605530E-03
+476.7050E-06,-166.3591615E-03,+20.4549535E-03
+476.8100E-06,-244.4639720E-03,+63.3838843E-03
+476.9150E-06,-184.2342514E-03,+37.5403808E-03
+477.0200E-06,-154.3706475E-03,+124.1161173E-03
+477.1250E-06,-120.4869430E-03,+76.1620610E-03
+477.2300E-06,-145.1818463E-03,+77.4542360E-03
+477.3350E-06,-118.2615302E-03,+183.9869003E-03
+477.4400E-06,-112.0160169E-03,+219.0192048E-03
+477.5450E-06,-107.8523413E-03,+277.0235125E-03
+477.6500E-06,-62.3390603E-03,+236.9660824E-03
+477.7550E-06,-53.0784715E-03,+356.8512230E-03
+477.8600E-06,-95.3613146E-03,+352.5439726E-03
+477.9650E-06,-26.8760305E-03,+223.4700305E-03
+478.0700E-06,-26.4453055E-03,+201.7902026E-03
+478.1750E-06,-14.2414289E-03,+275.0134623E-03
+478.2800E-06,+58.3357433E-03,+358.4305484E-03
+478.3850E-06,+17.7040129E-03,+277.1670876E-03
+478.4900E-06,+53.0234676E-03,+404.3745545E-03
+478.5950E-06,+81.7384714E-03,+380.1103763E-03
+478.7000E-06,+83.7485217E-03,+383.4126018E-03
+478.8050E-06,+64.7966192E-03,+344.2166214E-03
+478.9100E-06,+80.5180837E-03,+384.4176269E-03
+479.0150E-06,+89.7786725E-03,+402.7952293E-03
+479.1200E-06,+106.9358873E-03,+402.7952293E-03
+479.2250E-06,+95.2345232E-03,+401.3594791E-03
+479.3300E-06,+76.1390456E-03,+442.1347845E-03
+479.4350E-06,+179.3694844E-03,+462.5224372E-03
+479.5400E-06,+117.2732886E-03,+510.7636435E-03
+479.6450E-06,+160.8483069E-03,+402.7952293E-03
+479.7500E-06,+141.5374668E-03,+585.8533785E-03
+479.8550E-06,+181.6666846E-03,+552.6875492E-03
+479.9600E-06,+183.2460099E-03,+565.3221509E-03
+480.0650E-06,+226.7492407E-03,+553.8361493E-03
+480.1700E-06,+212.5353138E-03,+603.8002560E-03
+480.2750E-06,+223.0162902E-03,+461.6609871E-03
+480.3800E-06,+200.4750122E-03,+640.2683108E-03
+480.4850E-06,+231.5590038E-03,+507.3178433E-03
+480.5900E-06,+281.5231104E-03,+737.3250238E-03
+480.6950E-06,+255.0335194E-03,+586.1405286E-03
+480.8000E-06,+244.9114806E-03,+681.3307663E-03
+480.9050E-06,+220.5755149E-03,+656.2051378E-03
+481.0100E-06,+281.5231104E-03,+704.3027693E-03
+481.1150E-06,+282.3127730E-03,+774.9416787E-03
+481.2200E-06,+285.1842734E-03,+777.2388790E-03
+481.3250E-06,+297.3163625E-03,+679.1771410E-03
+481.4300E-06,+309.8073892E-03,+765.0350024E-03
+481.5350E-06,+299.3982003E-03,+718.8038462E-03
+481.6400E-06,+323.1598660E-03,+680.4693162E-03
+481.7450E-06,+355.6078203E-03,+794.4678812E-03
+481.8500E-06,+344.3371813E-03,+778.2439042E-03
+481.9550E-06,+342.6860685E-03,+765.4657274E-03
+482.0600E-06,+363.0737213E-03,+861.2302652E-03
+482.1650E-06,+380.1591486E-03,+756.4205012E-03
+482.2700E-06,+385.8303618E-03,+769.7729781E-03
+482.3750E-06,+389.2043747E-03,+844.2884129E-03
+482.4800E-06,+369.4628096E-03,+705.5949444E-03
+482.5850E-06,+437.3737937E-03,+804.8052827E-03
+482.6900E-06,+369.4628096E-03,+855.6308393E-03
+482.7950E-06,+394.3730754E-03,+804.8052827E-03
+482.9000E-06,+440.8913816E-03,+846.4420382E-03
+483.0050E-06,+448.2137075E-03,+882.3357929E-03
+483.1100E-06,+395.1627380E-03,+853.3336391E-03
+483.2150E-06,+465.2991349E-03,+790.0170557E-03
+483.3200E-06,+423.4470168E-03,+812.2711837E-03
+483.4250E-06,+452.7363207E-03,+804.8052827E-03
+483.5300E-06,+401.2646764E-03,+708.0357199E-03
+483.6350E-06,+407.2230397E-03,+843.8576878E-03
+483.7400E-06,+477.7901614E-03,+883.3408181E-03
+483.8450E-06,+427.0363922E-03,+872.8598418E-03
+483.9500E-06,+469.9653230E-03,+855.0565394E-03
+484.0550E-06,+449.0033702E-03,+821.6035598E-03
+484.1600E-06,+444.8396946E-03,+901.4312706E-03
+484.2650E-06,+450.7980579E-03,+836.5353619E-03
+484.3700E-06,+424.8827670E-03,+1.0379711135E+00
+484.4750E-06,+442.6860694E-03,+816.2912840E-03
+484.5800E-06,+435.0048058E-03,+885.6380184E-03
+484.6850E-06,+468.3142103E-03,+880.1821677E-03
+484.7900E-06,+442.0399818E-03,+893.6782195E-03
+484.8950E-06,+465.0119848E-03,+822.3214350E-03
+485.0000E-06,+464.5812598E-03,+833.5202865E-03
+485.1050E-06,+482.3127746E-03,+978.1003308E-03
+485.2100E-06,+473.6264860E-03,+863.9581905E-03
+485.3150E-06,+457.2589338E-03,+829.9309110E-03
+485.4200E-06,+450.9416329E-03,+879.7514425E-03
+485.5250E-06,+432.2768805E-03,+937.6121752E-03
+485.6300E-06,+422.0112666E-03,+873.4341419E-03
+485.7350E-06,+494.2295012E-03,+809.3996834E-03
+485.8400E-06,+480.8052369E-03,+883.6279681E-03
+485.9450E-06,+448.5726451E-03,+840.1247374E-03
+486.0500E-06,+426.5338797E-03,+852.9029140E-03
+486.1550E-06,+465.1555598E-03,+866.8296908E-03
+486.2600E-06,+436.4405560E-03,+821.6035600E-03
+486.3650E-06,+445.6293572E-03,+969.6294044E-03
+486.4700E-06,+429.8361052E-03,+872.8598418E-03
+486.5750E-06,+450.9416330E-03,+911.0507969E-03
+486.6800E-06,+437.5173686E-03,+846.7291882E-03
+486.7850E-06,+430.3386177E-03,+913.0608470E-03
+486.8900E-06,+413.7557030E-03,+841.8476376E-03
+486.9950E-06,+413.2531904E-03,+849.8878386E-03
+487.1000E-06,+432.2768805E-03,+875.8749172E-03
+487.2050E-06,+364.0069589E-03,+846.2984631E-03
+487.3100E-06,+382.2409862E-03,+839.4068623E-03
+487.4150E-06,+375.2775979E-03,+764.3171274E-03
+487.5200E-06,+364.5094715E-03,+802.5080824E-03
+487.6250E-06,+399.9725011E-03,+779.6796543E-03
+487.7300E-06,+319.2115529E-03,+706.4563945E-03
+487.8350E-06,+354.6745827E-03,+784.1304799E-03
+487.9400E-06,+348.8597943E-03,+804.8052827E-03
+488.0450E-06,+325.3134912E-03,+779.6796543E-03
+488.1500E-06,+303.0593633E-03,+755.2719012E-03
+488.2550E-06,+304.3515385E-03,+743.2115996E-03
+488.3600E-06,+356.0385453E-03,+851.6107388E-03
+488.4650E-06,+284.9689109E-03,+761.4456269E-03
+488.5700E-06,+268.6013586E-03,+772.2137534E-03
+488.6750E-06,+280.4462978E-03,+756.7076513E-03
+488.7800E-06,+309.5920266E-03,+775.9467038E-03
+488.8850E-06,+271.7600091E-03,+768.4808028E-03
+488.9900E-06,+266.5913084E-03,+614.8555326E-03
+489.0950E-06,+279.0823351E-03,+797.4829568E-03
+489.2000E-06,+290.4965492E-03,+704.3027693E-03
+489.3050E-06,+249.0751561E-03,+712.6301205E-03
+489.4100E-06,+236.5841295E-03,+668.5525896E-03
+489.5150E-06,+243.8346679E-03,+786.2841052E-03
+489.6200E-06,+229.9796786E-03,+676.5927906E-03
+489.7250E-06,+233.4254790E-03,+603.8002560E-03
+489.8300E-06,+210.5252635E-03,+723.9725470E-03
+489.9350E-06,+171.5446458E-03,+663.9581888E-03
+490.0400E-06,+162.6429946E-03,+590.3042042E-03
+490.1450E-06,+173.4111211E-03,+508.6100184E-03
+490.2500E-06,+137.9480914E-03,+445.8677351E-03
+490.3550E-06,+142.6860670E-03,+675.7313407E-03
+490.4600E-06,+188.3429231E-03,+491.5245910E-03
+490.5650E-06,+84.7535468E-03,+436.3917837E-03
+490.6700E-06,+112.0328005E-03,+527.7054957E-03
+490.7750E-06,+84.8253343E-03,+496.1189918E-03
+490.8800E-06,+95.3780982E-03,+482.7665149E-03
+490.9850E-06,+117.3450761E-03,+501.0005422E-03
+491.0900E-06,+33.7126275E-03,+441.7040594E-03
+491.1950E-06,+98.1778111E-03,+473.4341387E-03
+491.3000E-06,+8.7305741E-03,+416.4348561E-03
+491.4050E-06,-4.7654775E-03,+433.8074334E-03
+491.5100E-06,+24.6674013E-03,+427.9208576E-03
+491.6150E-06,+39.6709908E-03,+402.7952293E-03
+491.7200E-06,-4.9808401E-03,+329.8591196E-03
+491.8250E-06,-4.1911775E-03,+308.7535918E-03
+491.9300E-06,-99.5249902E-03,+360.8713238E-03
+492.0350E-06,-34.4855065E-03,+270.4190616E-03
+492.1400E-06,-33.1933314E-03,+357.8562482E-03
+492.2450E-06,-74.1122118E-03,+312.6301174E-03
+492.3500E-06,-82.0806254E-03,+282.9100883E-03
+492.4550E-06,-137.4287952E-03,+296.8368652E-03
+492.5600E-06,-104.8372659E-03,+299.4212154E-03
+492.6650E-06,-126.3017312E-03,+242.2783579E-03
+492.7700E-06,-161.9801235E-03,+89.0838127E-03
+492.8750E-06,-156.3806977E-03,+223.3264554E-03
+492.9800E-06,-120.4869430E-03,+250.3185591E-03
+493.0850E-06,-198.0892408E-03,+105.7385148E-03
+493.1900E-06,-150.1351843E-03,+117.9423915E-03
+493.2950E-06,-233.6240580E-03,+188.7248757E-03
+493.4000E-06,-220.6305187E-03,+68.2654349E-03
+493.5050E-06,-262.0519117E-03,+21.6035539E-03
+493.6100E-06,-245.8279346E-03,-23.1918523E-03
+493.7150E-06,-250.0633977E-03,+87.5044875E-03
+493.8200E-06,-266.1437998E-03,+8.2510769E-03
+493.9250E-06,-315.7489689E-03,-76.7453345E-03
+494.0300E-06,-305.9858676E-03,+6.6717516E-03
+494.1350E-06,-286.6032400E-03,-16.0131014E-03
+494.2400E-06,-321.4919697E-03,+785.1759E-06
+494.3450E-06,-355.5192492E-03,-4.0963747E-03
+494.4500E-06,-399.7403551E-03,-86.7955858E-03
+494.5550E-06,-379.0655523E-03,-38.9851044E-03
+494.6600E-06,-387.6800535E-03,-136.4725422E-03
+494.7650E-06,-406.7755310E-03,-75.8838844E-03
+494.8700E-06,-444.5357610E-03,-44.2973801E-03
+494.9750E-06,-414.4567944E-03,-317.2334915E-03
+495.0800E-06,-483.1574411E-03,-282.2011869E-03
+495.1850E-06,-502.1093436E-03,-272.2945105E-03
+495.2900E-06,-482.9420787E-03,-289.0927876E-03
+495.3950E-06,-474.9018776E-03,-358.5830969E-03
+495.5000E-06,-535.0598105E-03,-315.0798660E-03
+495.6050E-06,-547.1918997E-03,-396.4869021E-03
+495.7100E-06,-547.6226247E-03,-305.1731897E-03
+495.8150E-06,-572.6046780E-03,-392.7539514E-03
+495.9200E-06,-553.9399255E-03,-351.2607710E-03
+496.0250E-06,-619.4101343E-03,-366.7668728E-03
+496.1300E-06,-595.5766811E-03,-330.4423931E-03
+496.2350E-06,-622.7123597E-03,-500.0044906E-03
+496.3400E-06,-637.7877367E-03,-415.0080793E-03
+496.4450E-06,-680.7166674E-03,-395.7690267E-03
+496.5500E-06,-694.7870193E-03,-447.1688835E-03
+496.6550E-06,-688.7568684E-03,-557.8652233E-03
+496.7600E-06,-731.9011617E-03,-635.6828836E-03
+496.8650E-06,-685.0239179E-03,-471.8637868E-03
+496.9700E-06,-725.9427984E-03,-665.4029127E-03
+497.0750E-06,-726.7324610E-03,-681.9140400E-03
+497.1800E-06,-777.9169553E-03,-688.0877656E-03
+497.2850E-06,-750.5659141E-03,-644.7281099E-03
+497.3900E-06,-751.2837892E-03,-677.6067892E-03
+497.4950E-06,-781.5063308E-03,-627.3555325E-03
+497.6000E-06,-798.1610330E-03,-695.5536667E-03
+497.7050E-06,-831.1114999E-03,-772.6534519E-03
+497.8100E-06,-839.6542135E-03,-765.3311260E-03
+497.9150E-06,-850.0634023E-03,-764.6132508E-03
+498.0200E-06,-874.2557931E-03,-780.4065028E-03
+498.1250E-06,-946.0433026E-03,-817.5924327E-03
+498.2300E-06,-948.7712280E-03,-804.0963810E-03
+498.3350E-06,-936.2802014E-03,-908.1882698E-03
+498.4400E-06,-983.0856575E-03,-820.1767831E-03
+498.5450E-06,-955.7346163E-03,-904.0245944E-03
+498.6500E-06,-965.7848677E-03,-803.9528061E-03
+498.7550E-06,-992.9923338E-03,-912.9262455E-03
+498.8600E-06,-951.3555784E-03,-903.1631442E-03
+498.9650E-06,-1.0250095631E+00,-900.2916438E-03
+499.0700E-06,-1.0365673522E+00,-964.1825273E-03
+499.1750E-06,-1.0684410064E+00,-995.6254563E-03
+499.2800E-06,-1.0878236339E+00,-1.0101265333E+00
+499.3850E-06,-1.1059858739E+00,-1.0768889173E+00
+499.4900E-06,-1.0917719470E+00,-938.3390240E-03
+499.5950E-06,-1.0801423704E+00,-936.1853985E-03
+499.7000E-06,-1.1036168860E+00,-1.1794014810E+00
+499.8050E-06,-1.1652823568E+00,-995.9126064E-03
+499.9100E-06,-1.1255120765E+00,-1.1762428305E+00
+500.0150E-06,-1.1255120765E+00,-1.1603060033E+00
+500.1200E-06,-1.1632005190E+00,-1.2000762836E+00
+500.2250E-06,-1.1617647688E+00,-1.1995019836E+00
+500.3300E-06,-1.1659284443E+00,-1.0905285440E+00
+500.4350E-06,-1.1897618975E+00,-1.1269965988E+00
+500.5400E-06,-1.2278810650E+00,-1.2285041374E+00
+500.6450E-06,-1.2557346186E+00,-1.2432923645E+00
+500.7500E-06,-1.1739686455E+00,-1.2267812371E+00
+500.8550E-06,-1.2255838648E+00,-1.2069678844E+00
+500.9600E-06,-1.3028272251E+00,-1.3292938009E+00
+501.0650E-06,-1.2637030323E+00,-1.2718637932E+00
+501.1700E-06,-1.3013914748E+00,-1.2305141877E+00
+501.2750E-06,-1.2762658465E+00,-1.3796886323E+00
+501.3800E-06,-1.3036886751E+00,-1.3651875556E+00
+501.4850E-06,-1.3133799889E+00,-1.3799757825E+00
+501.5900E-06,-1.3048372752E+00,-1.3742327818E+00
+501.6950E-06,-1.3455407932E+00,-1.4768889205E+00
+501.8000E-06,-1.3322601039E+00,-1.4012248855E+00
+501.9050E-06,-1.3342701542E+00,-1.4158695373E+00
+502.0100E-06,-1.3516427315E+00,-1.5038810238E+00
+502.1150E-06,-1.3406592426E+00,-1.5318781527E+00
+502.2200E-06,-1.3755479722E+00,-1.4111315616E+00
+502.3250E-06,-1.4011761132E+00,-1.3933282593E+00
+502.4300E-06,-1.3924898244E+00,-1.5047424739E+00
+502.5350E-06,-1.4574575206E+00,-1.4487482167E+00
+502.6400E-06,-1.4078523514E+00,-1.4194589128E+00
+502.7450E-06,-1.4382902555E+00,-1.4893799471E+00
+502.8500E-06,-1.4374288054E+00,-1.5361854032E+00
+502.9550E-06,-1.4209894656E+00,-1.5963433363E+00
+503.0600E-06,-1.4476226317E+00,-1.5883031352E+00
+503.1650E-06,-1.4677231345E+00,-1.5802629342E+00
+503.2700E-06,-1.4848803492E+00,-1.6072550377E+00
+503.3750E-06,-1.5257274421E+00,-1.6072550377E+00
+503.4800E-06,-1.4530066949E+00,-1.6804782975E+00
+503.5850E-06,-1.4876082746E+00,-1.6072550377E+00
+503.6900E-06,-1.5276657048E+00,-1.6072550377E+00
+503.7950E-06,-1.5148875281E+00,-1.6198896394E+00
+503.9000E-06,-1.5146003781E+00,-1.6237661649E+00
+504.0050E-06,-1.5092881025E+00,-1.6391286918E+00
+504.1100E-06,-1.5649234223E+00,-1.5587266813E+00
+504.2150E-06,-1.5492019578E+00,-1.6358264665E+00
+504.3200E-06,-1.5502787704E+00,-1.6221868396E+00
+504.4250E-06,-1.5275221299E+00,-1.5706434079E+00
+504.5300E-06,-1.5323318930E+00,-1.6788989721E+00
+504.6350E-06,-1.5219227041E+00,-1.6463074428E+00
+504.7400E-06,-1.5416642693E+00,-1.5852880598E+00
+504.8450E-06,-1.5072780521E+00,-1.7028760004E+00
+504.9500E-06,-1.5372134436E+00,-1.6201767894E+00
+505.0550E-06,-1.5505659204E+00,-1.7558551826E+00
+505.1600E-06,-1.5308961428E+00,-1.6362571915E+00
+505.2650E-06,-1.5374288062E+00,-1.6760274718E+00
+505.3700E-06,-1.5387927688E+00,-1.6201767895E+00
+505.4750E-06,-1.5903362007E+00,-1.7773914354E+00
+505.5800E-06,-1.5668616851E+00,-1.8061064392E+00
+505.6850E-06,-1.5825113621E+00,-1.6731559715E+00
+505.7900E-06,-1.5970842266E+00,-1.7733713347E+00
+505.8950E-06,-1.5476944201E+00,-1.6628185702E+00
+506.0000E-06,-1.5562371337E+00,-1.8297963172E+00
+506.1050E-06,-1.5662873849E+00,-1.7822729860E+00
+506.2100E-06,-1.5777733865E+00,-1.6870827483E+00
+506.3150E-06,-1.5945716637E+00,-1.7077575510E+00
+506.4200E-06,-1.6341265814E+00,-1.6952665244E+00
+506.5250E-06,-1.5899772631E+00,-1.7407798054E+00
+506.6300E-06,-1.5344137308E+00,-1.7442256058E+00
+506.7350E-06,-1.5654977224E+00,-1.8824883492E+00
+506.8400E-06,-1.5309679303E+00,-1.6461638678E+00
+506.9450E-06,-1.5879672129E+00,-1.7179513775E+00
+507.0500E-06,-1.5871057627E+00,-1.7537015571E+00
+507.1550E-06,-1.6106520659E+00,-1.7114905016E+00
+507.2600E-06,-1.5624108595E+00,-1.6853598480E+00
+507.3650E-06,-1.5534374208E+00,-1.7376211551E+00
+507.4700E-06,-1.6219227050E+00,-1.7101983263E+00
+507.5750E-06,-1.5562371336E+00,-1.6654029202E+00
+507.6800E-06,-1.6143850165E+00,-1.7224022030E+00
+507.7850E-06,-1.5850239250E+00,-1.7580088077E+00
+507.8900E-06,-1.5995967894E+00,-1.7156541772E+00
+507.9950E-06,-1.5439614696E+00,-1.8378365181E+00
+508.1000E-06,-1.5422385693E+00,-1.7788271856E+00
+508.2050E-06,-1.5553756835E+00,-1.7274273287E+00
+508.3100E-06,-1.5509966455E+00,-1.6793296973E+00
+508.4150E-06,-1.5158925533E+00,-1.6770324971E+00
+508.5200E-06,-1.5514991581E+00,-1.7404926554E+00
+508.6250E-06,-1.5580318214E+00,-1.5785400340E+00
+508.7300E-06,-1.5279528549E+00,-1.6332421161E+00
+508.8350E-06,-1.5629851596E+00,-1.7802629356E+00
+508.9400E-06,-1.5440332571E+00,-1.6992866249E+00
+509.0450E-06,-1.5085702273E+00,-1.6322370910E+00
+509.1500E-06,-1.5232148793E+00,-1.6905285487E+00
+509.2550E-06,-1.5046937018E+00,-1.6072550377E+00
+509.3600E-06,-1.5146721656E+00,-1.6803347223E+00
+509.4650E-06,-1.5349162434E+00,-1.6392722669E+00
+509.5700E-06,-1.5037604642E+00,-1.6649721953E+00
+509.6750E-06,-1.5023965015E+00,-1.6460202929E+00
+509.7800E-06,-1.5275221299E+00,-1.6692794458E+00
+509.8850E-06,-1.5303218427E+00,-1.6714330712E+00
+509.9900E-06,-1.4906233500E+00,-1.5837087346E+00
+510.0950E-06,-1.4570267954E+00,-1.6145773636E+00
+510.2000E-06,-1.4675795594E+00,-1.6072550377E+00
+510.3050E-06,-1.4375005929E+00,-1.6072550377E+00
+510.4100E-06,-1.4434589561E+00,-1.5715048579E+00
+510.5150E-06,-1.4118006645E+00,-1.6323806660E+00
+510.6200E-06,-1.4759786980E+00,-1.5821294094E+00
+510.7250E-06,-1.3825113605E+00,-1.6058192875E+00
+510.8300E-06,-1.4270196165E+00,-1.6017991870E+00
+510.9350E-06,-1.4175436653E+00,-1.5508300552E+00
+511.0400E-06,-1.4018939882E+00,-1.5337446279E+00
+511.1450E-06,-1.4018939882E+00,-1.5646132571E+00
+511.2500E-06,-1.3336958542E+00,-1.4744481452E+00
+511.3550E-06,-1.3388645548E+00,-1.5570037810E+00
+511.4600E-06,-1.3974431626E+00,-1.5302988276E+00
+511.5650E-06,-1.3932794871E+00,-1.4900978221E+00
+511.6700E-06,-1.3265171032E+00,-1.4941179226E+00
+511.7750E-06,-1.3433871679E+00,-1.4306577642E+00
+511.8800E-06,-1.3185486896E+00,-1.4129980368E+00
+511.9850E-06,-1.3133799889E+00,-1.3582959547E+00
+512.0900E-06,-1.2996685746E+00,-1.4747352952E+00
+512.1950E-06,-1.3265171032E+00,-1.4089779364E+00
+512.3000E-06,-1.2626262196E+00,-1.4356828900E+00
+512.4050E-06,-1.2762658465E+00,-1.4645414686E+00
+512.5100E-06,-1.2609033194E+00,-1.3449434780E+00
+512.6150E-06,-1.1922744604E+00,-1.3811243827E+00
+512.7200E-06,-1.2560217687E+00,-1.4289348640E+00
+512.8250E-06,-1.2163232761E+00,-1.2870827451E+00
+512.9300E-06,-1.1841624717E+00,-1.2764581937E+00
+513.0350E-06,-1.2047654869E+00,-1.2844983948E+00
+513.1400E-06,-1.1665027444E+00,-1.2052449843E+00
+513.2450E-06,-1.1519298800E+00,-1.1852880567E+00
+513.3500E-06,-1.1409463910E+00,-1.2038092341E+00
+513.4550E-06,-1.1473354792E+00,-1.1855752067E+00
+513.5600E-06,-1.0894747466E+00,-1.1895953072E+00
+513.6650E-06,-1.1255120765E+00,-1.1801193560E+00
+513.7700E-06,-1.1255120765E+00,-1.1900260322E+00
+513.8750E-06,-1.1003864481E+00,-1.1442256011E+00
+513.9800E-06,-1.1001710856E+00,-1.1558551777E+00
+514.0850E-06,-1.0959356226E+00,-1.1740892054E+00
+514.1900E-06,-1.0793527079E+00,-1.0880877687E+00
+514.2950E-06,-993.4230588E-03,-1.1173770727E+00
+514.4000E-06,-1.0375723773E+00,-1.0796168426E+00
+514.5050E-06,-1.0021811351E+00,-1.0863648684E+00
+514.6100E-06,-1.0250095631E+00,-882.0576165E-03
+514.7150E-06,-992.9923339E-03,-1.0475996134E+00
+514.8200E-06,-924.5070498E-03,-989.3081557E-03
+514.9250E-06,-956.4524915E-03,-926.7094473E-03
+515.0300E-06,-924.5070498E-03,-969.4948030E-03
+515.1350E-06,-927.3067626E-03,-901.0095190E-03
+515.2400E-06,-948.8430155E-03,-853.4861876E-03
+515.3450E-06,-924.5070498E-03,-808.1164815E-03
+515.4500E-06,-883.5881693E-03,-878.6118159E-03
+515.5550E-06,-886.8186073E-03,-788.5902789E-03
+515.6600E-06,-884.8803445E-03,-780.9808031E-03
+515.7650E-06,-833.2651251E-03,-803.2349309E-03
+515.8700E-06,-814.0260726E-03,-763.3210757E-03
+515.9750E-06,-868.5127924E-03,-708.4754182E-03
+516.0800E-06,-802.1811336E-03,-724.5558203E-03
+516.1850E-06,-767.5795539E-03,-787.5852538E-03
+516.2900E-06,-762.1237032E-03,-752.9836742E-03
+516.3950E-06,-727.3067611E-03,-612.1365805E-03
+516.5000E-06,-755.8064023E-03,-602.2299044E-03
+516.6050E-06,-735.8494747E-03,-652.0504359E-03
+516.7100E-06,-698.3763947E-03,-631.8063581E-03
+516.8150E-06,-685.6700056E-03,-627.3555325E-03
+516.9200E-06,-679.4244922E-03,-564.9003994E-03
+517.0250E-06,-676.8401418E-03,-543.3641464E-03
+517.1300E-06,-642.3103497E-03,-492.8257399E-03
+517.2350E-06,-685.5264305E-03,-501.1530908E-03
+517.3400E-06,-637.7877368E-03,-401.2248775E-03
+517.4450E-06,-555.0885257E-03,-479.3296880E-03
+517.5500E-06,-528.2399971E-03,-465.1157610E-03
+517.6550E-06,-541.7360490E-03,-401.2248775E-03
+517.7600E-06,-528.0964221E-03,-437.5493574E-03
+517.8650E-06,-532.6908227E-03,-401.2248775E-03
+517.9700E-06,-499.8121433E-03,-355.8551714E-03
+518.0750E-06,-494.1409301E-03,-414.1466292E-03
+518.1800E-06,-476.4094153E-03,-384.4266004E-03
+518.2850E-06,-449.0583741E-03,-348.1021203E-03
+518.3900E-06,-454.3706499E-03,-357.5780717E-03
+518.4950E-06,-478.3476779E-03,-325.8479925E-03
+518.6000E-06,-395.4331045E-03,-257.6498583E-03
+518.7050E-06,-446.0432988E-03,-245.0152568E-03
+518.8100E-06,-312.0160184E-03,-281.7704617E-03
+518.9150E-06,-383.3728029E-03,-151.8350693E-03
+519.0200E-06,-346.6175980E-03,-180.4064983E-03
+519.1250E-06,-332.2600961E-03,-110.4854640E-03
+519.2300E-06,-321.4919697E-03,-150.8300442E-03
+519.3350E-06,-321.4919697E-03,-90.8156863E-03
+519.4400E-06,-304.5501175E-03,-74.8788591E-03
+519.5450E-06,-302.6836422E-03,-36.6879040E-03
+519.6500E-06,-308.5702179E-03,-65.2593328E-03
+519.7550E-06,-289.4747404E-03,+46.4420319E-03
+519.8600E-06,-244.9664844E-03,-2.6606247E-03
+519.9650E-06,-213.5953428E-03,+785.1759E-06
+520.0700E-06,-209.7906049E-03,-19.6024769E-03
+520.1750E-06,-211.6570802E-03,-1.3684495E-03
+520.2800E-06,-189.1875895E-03,-10.9879756E-03
+520.3850E-06,-145.6125713E-03,+51.0364326E-03
+520.4900E-06,-157.3857229E-03,+27.4901295E-03
+520.5950E-06,-133.0497571E-03,+33.2331301E-03
+520.7000E-06,-132.6908196E-03,+113.4915659E-03
+520.8050E-06,-122.5687808E-03,+92.9603380E-03
+520.9100E-06,-120.4869430E-03,+105.1642147E-03
+521.0150E-06,-80.7884503E-03,+225.6236556E-03
+521.1200E-06,-41.5924701E-03,+302.2927159E-03
+521.2250E-06,-25.0095552E-03,+297.9854654E-03
+521.3300E-06,-89.9054639E-03,+162.4506473E-03
+521.4350E-06,-1.2478896E-03,+258.2151851E-03
+521.5400E-06,-27.6656931E-03,+255.7744096E-03
+521.6450E-06,-41.3053199E-03,+242.1347830E-03
+521.7500E-06,-43.3153702E-03,+366.9014744E-03
+521.8550E-06,-19.5537046E-03,+178.8181994E-03
+521.9600E-06,+13.2531873E-03,+398.3444037E-03
+522.0650E-06,+63.8633815E-03,+368.9115249E-03
+522.1700E-06,+36.6559155E-03,+365.3221494E-03
+522.2750E-06,+88.4147097E-03,+402.7952293E-03
+522.3800E-06,+80.5180837E-03,+402.7952293E-03
+522.4850E-06,+103.9208118E-03,+402.7952293E-03
+522.5900E-06,+80.5180837E-03,+446.1548851E-03
+522.6950E-06,+113.1096130E-03,+402.7952293E-03
+522.8000E-06,+130.7693404E-03,+503.2977426E-03
+522.9050E-06,+113.3967631E-03,+458.9330617E-03
+523.0100E-06,+98.6803237E-03,+413.9940808E-03
+523.1150E-06,+135.5073161E-03,+457.7844617E-03
+523.2200E-06,+121.8676892E-03,+470.8497884E-03
+523.3250E-06,+165.2273450E-03,+509.0407435E-03
+523.4300E-06,+168.4577829E-03,+524.2596954E-03
+523.5350E-06,+202.2697000E-03,+564.1735507E-03
+523.6400E-06,+187.6250480E-03,+568.0500764E-03
+523.7450E-06,+272.4778841E-03,+485.9251654E-03
+523.8500E-06,+132.2050906E-03,+661.2302635E-03
+523.9550E-06,+276.0672597E-03,+651.8978875E-03
+524.0600E-06,+281.5231104E-03,+675.8749156E-03
+524.1650E-06,+281.5231104E-03,+704.3027693E-03
+524.2700E-06,+289.1325865E-03,+631.2230845E-03
+524.3750E-06,+294.0859245E-03,+654.0515127E-03
+524.4800E-06,+244.4807555E-03,+728.5669476E-03
+524.5850E-06,+281.5231104E-03,+704.3027693E-03
+524.6900E-06,+281.5231104E-03,+721.2446215E-03
+524.7950E-06,+306.6487388E-03,+742.3501495E-03
+524.9000E-06,+294.0859246E-03,+745.9395248E-03
+525.0050E-06,+294.0859246E-03,+759.1484266E-03
+525.1100E-06,+356.3256953E-03,+779.1053542E-03
+525.2150E-06,+284.9689109E-03,+607.2460564E-03
+525.3200E-06,+308.0127015E-03,+764.7478524E-03
+525.4250E-06,+355.8231828E-03,+763.8864022E-03
+525.5300E-06,+294.0859246E-03,+801.0723321E-03
+525.6350E-06,+352.8081076E-03,+804.8052827E-03
+525.7400E-06,+303.5618760E-03,+801.6466322E-03
+525.8450E-06,+369.4628096E-03,+722.1060718E-03
+525.9500E-06,+416.1246909E-03,+804.8052827E-03
+526.0550E-06,+406.0744395E-03,+892.6731945E-03
+526.1600E-06,+389.2761622E-03,+851.1800139E-03
+526.2650E-06,+413.1096154E-03,+784.9919300E-03
+526.3700E-06,+450.9416329E-03,+849.8878386E-03
+526.4750E-06,+432.2768805E-03,+807.6767830E-03
+526.5800E-06,+421.3651791E-03,+824.4750603E-03
+526.6850E-06,+391.5015750E-03,+820.4549598E-03
+526.7900E-06,+450.6544829E-03,+853.1900642E-03
+526.8950E-06,+448.6444326E-03,+839.8375873E-03
+527.0000E-06,+435.8662559E-03,+804.8052827E-03
+527.1050E-06,+419.9294288E-03,+977.6696058E-03
+527.2100E-06,+442.6142818E-03,+846.1548882E-03
+527.3150E-06,+457.5460838E-03,+871.7112416E-03
+527.4200E-06,+438.5223938E-03,+804.8052827E-03
+527.5250E-06,+465.6580724E-03,+863.6710405E-03
+527.6300E-06,+424.3084669E-03,+825.3365104E-03
+527.7350E-06,+456.2539086E-03,+978.3874806E-03
+527.8400E-06,+384.9689115E-03,+908.7535965E-03
+527.9450E-06,+439.7427814E-03,+872.7162667E-03
+528.0500E-06,+412.8942529E-03,+777.5260290E-03
+528.1550E-06,+459.2689841E-03,+864.6760657E-03
+528.2600E-06,+481.0923869E-03,+877.3106672E-03
+528.3650E-06,+432.2768805E-03,+903.7284708E-03
+528.4700E-06,+423.3752292E-03,+927.9926491E-03
+528.5750E-06,+469.6063855E-03,+960.5841786E-03
+528.6800E-06,+457.4025088E-03,+863.3838906E-03
+528.7850E-06,+455.4642461E-03,+890.8067191E-03
+528.8900E-06,+446.8497448E-03,+823.3264601E-03
+528.9950E-06,+447.4240450E-03,+837.6839621E-03
+529.1000E-06,+434.4305057E-03,+829.9309110E-03
+529.2050E-06,+471.6164357E-03,+829.9309110E-03
+529.3100E-06,+400.7621638E-03,+870.7062165E-03
+529.4150E-06,+425.5288546E-03,+868.5525911E-03
+529.5200E-06,+388.1275620E-03,+887.7916437E-03
+529.6250E-06,+412.5353154E-03,+804.8052827E-03
+529.7300E-06,+456.3256962E-03,+782.6947295E-03
+529.8350E-06,+404.9258393E-03,+872.8598416E-03
+529.9400E-06,+415.6221782E-03,+821.4599849E-03
+530.0450E-06,+369.6781722E-03,+905.3077960E-03
+530.1500E-06,+411.4585027E-03,+837.8275370E-03
+530.2550E-06,+412.8224653E-03,+813.9940840E-03
+530.3600E-06,+381.1641736E-03,+804.8052827E-03
+530.4650E-06,+443.6193071E-03,+894.9703947E-03
+530.5700E-06,+452.3055956E-03,+804.8052827E-03
+530.6750E-06,+384.1792491E-03,+873.7212916E-03
+530.7800E-06,+387.6250497E-03,+843.2833879E-03
+530.8850E-06,+415.5503908E-03,+832.6588363E-03
+530.9900E-06,+286.2610862E-03,+903.7284708E-03
+531.0950E-06,+377.1440732E-03,+852.6157641E-03
+531.2000E-06,+363.0019338E-03,+804.8052827E-03
+531.3050E-06,+370.4678349E-03,+825.7672354E-03
+531.4100E-06,+324.5238287E-03,+841.5604874E-03
+531.5150E-06,+309.3048766E-03,+798.2008318E-03
+531.6200E-06,+294.0859246E-03,+759.7227268E-03
+531.7250E-06,+283.6767357E-03,+801.9337824E-03
+531.8300E-06,+311.0277769E-03,+863.8146156E-03
+531.9350E-06,+297.1727875E-03,+745.0780748E-03
+532.0400E-06,+281.5231104E-03,+791.3092309E-03
+532.1450E-06,+302.8440007E-03,+787.2891304E-03
+532.2500E-06,+303.0593633E-03,+718.6602714E-03
+532.3550E-06,+281.0923854E-03,+731.1512978E-03
+532.4600E-06,+254.1720693E-03,+733.8792232E-03
+532.5650E-06,+248.0701310E-03,+729.4283977E-03
+532.6700E-06,+268.8885087E-03,+691.6681676E-03
+532.7750E-06,+227.6824784E-03,+702.8670190E-03
+532.8800E-06,+262.0686953E-03,+754.5540260E-03
+532.9850E-06,+255.8231820E-03,+705.4513695E-03
+533.0900E-06,+225.6006404E-03,+729.4283977E-03
+533.1950E-06,+198.6803245E-03,+648.5956617E-03
+533.3000E-06,+206.1462254E-03,+658.3587634E-03
+533.4050E-06,+159.6279193E-03,+627.3465589E-03
+533.5100E-06,+122.4419894E-03,+687.5044920E-03
+533.6150E-06,+191.2144234E-03,+696.4061431E-03
+533.7200E-06,+102.8439991E-03,+523.5418204E-03
+533.8250E-06,+174.5597213E-03,+616.7220076E-03
+533.9300E-06,+132.8511782E-03,+540.9143978E-03
+534.0350E-06,+98.8956861E-03,+556.4204998E-03
+534.1400E-06,+112.2481630E-03,+644.8627112E-03
+534.2450E-06,+80.5180837E-03,+463.3838875E-03
+534.3500E-06,+164.1505324E-03,+501.8619925E-03
+534.4550E-06,+70.6831949E-03,+453.0464860E-03
+534.5600E-06,+57.0435681E-03,+509.4714685E-03
+534.6650E-06,+80.5180837E-03,+429.7873328E-03
+534.7700E-06,+80.5180837E-03,+525.4082953E-03
+534.8750E-06,+55.3924554E-03,+435.0996086E-03
+534.9800E-06,+29.6207395E-03,+429.2130327E-03
+535.0850E-06,-23.6455927E-03,+382.1204265E-03
+535.1900E-06,+17.5604379E-03,+403.0823792E-03
+535.2950E-06,-32.4036687E-03,+453.0464860E-03
+535.4000E-06,-44.3921828E-03,+343.2115962E-03
+535.5050E-06,-90.7669140E-03,+359.2919984E-03
+535.6100E-06,-20.8458798E-03,+377.0953008E-03
+535.7150E-06,-86.7468136E-03,+377.6696009E-03
+535.8200E-06,-121.8509057E-03,+387.8634274E-03
+535.9250E-06,-89.6183139E-03,+263.5274608E-03
+536.0300E-06,-104.9808409E-03,+348.8110220E-03
+536.1350E-06,-134.4855074E-03,+271.5676618E-03
+536.2400E-06,-158.1753855E-03,+200.2108773E-03
+536.3450E-06,-125.3684935E-03,+312.7736925E-03
+536.4500E-06,-152.0734471E-03,+126.4133176E-03
+536.5550E-06,-146.6893839E-03,+184.9919255E-03
+536.6600E-06,-154.8013725E-03,+137.0378690E-03
+536.7650E-06,-199.1660534E-03,+101.2876892E-03
+536.8700E-06,-220.9894563E-03,+68.4090098E-03
+536.9750E-06,-209.1445172E-03,+56.7794332E-03
+537.0800E-06,-278.9219767E-03,+99.1340641E-03
+537.1850E-06,-252.5041729E-03,+132.5870435E-03
+537.2900E-06,-320.5587321E-03,+66.3989595E-03
+537.3950E-06,-316.5386315E-03,-16.7309764E-03
+537.5000E-06,-332.2600961E-03,+785.1759E-06
+537.6050E-06,-321.4919697E-03,+25.0493542E-03
+537.7100E-06,-375.4043894E-03,+785.1759E-06
+537.8150E-06,-405.0526308E-03,-124.2686659E-03
+537.9200E-06,-346.4740229E-03,-125.2736911E-03
+538.0250E-06,-380.3577275E-03,-32.2370784E-03
+538.1300E-06,-389.9772537E-03,-113.5005394E-03
+538.2350E-06,-446.5458112E-03,-294.9793631E-03
+538.3400E-06,-487.0339667E-03,-251.4761328E-03
+538.4450E-06,-488.9004420E-03,-170.3562470E-03
+538.5500E-06,-456.0935501E-03,-264.1107343E-03
+538.6550E-06,-490.6951296E-03,-190.0260248E-03
+538.7600E-06,-487.6082667E-03,-320.2485667E-03
+538.8650E-06,-521.7073337E-03,-267.7001096E-03
+538.9700E-06,-507.4934069E-03,-313.6441160E-03
+539.0750E-06,-547.6226247E-03,-381.8422500E-03
+539.1800E-06,-559.1086263E-03,-380.2629248E-03
+539.2850E-06,-529.2450224E-03,-343.2205699E-03
+539.3900E-06,-591.2694305E-03,-413.1416040E-03
+539.4950E-06,-585.3110672E-03,-370.9305484E-03
+539.6000E-06,-682.2242052E-03,-467.9872616E-03
+539.7050E-06,-595.1459560E-03,-440.5644328E-03
+539.8100E-06,-679.6398547E-03,-435.8264571E-03
+539.9150E-06,-678.1323171E-03,-515.2234426E-03
+540.0200E-06,-702.1811327E-03,-436.2571821E-03
+540.1250E-06,-676.8401419E-03,-476.6017628E-03
+540.2300E-06,-710.9392089E-03,-401.2248775E-03
+540.3350E-06,-752.2888144E-03,-572.6534503E-03
+540.4400E-06,-752.8631144E-03,-568.9204997E-03
+540.5450E-06,-736.0648372E-03,-640.1337093E-03
+540.6500E-06,-819.6972858E-03,-693.4000412E-03
+540.7550E-06,-822.9277238E-03,-693.5436163E-03
+540.8600E-06,-872.8200428E-03,-579.9757764E-03
+540.9650E-06,-841.7360512E-03,-739.2004725E-03
+541.0700E-06,-839.2952760E-03,-831.0884847E-03
+541.1750E-06,-852.7195401E-03,-714.2184191E-03
+541.2800E-06,-859.8265036E-03,-737.4775722E-03
+541.3850E-06,-902.1811343E-03,-708.3318433E-03
+541.4900E-06,-935.4905387E-03,-771.7920016E-03
+541.5950E-06,-913.1646232E-03,-803.2349309E-03
+541.7000E-06,-915.1746735E-03,-866.4079392E-03
+541.8050E-06,-924.5070498E-03,-782.2729782E-03
+541.9100E-06,-947.6944154E-03,-842.8616361E-03
+542.0150E-06,-968.1538555E-03,-858.7984632E-03
+542.1200E-06,-941.8796270E-03,-856.0705380E-03
+542.2250E-06,-1.0257274382E+00,-804.6706811E-03
+542.3300E-06,-990.0490459E-03,-873.1559652E-03
+542.4350E-06,-1.0155336119E+00,-919.3871214E-03
+542.5400E-06,-1.0385056149E+00,-1.0409951625E+00
+542.6450E-06,-1.0238609630E+00,-989.0210055E-03
+542.7500E-06,-1.1201280133E+00,-979.1143293E-03
+542.8550E-06,-1.1001710856E+00,-1.0770324925E+00
+542.9600E-06,-1.0523606042E+00,-999.7891320E-03
+543.0650E-06,-1.0879672089E+00,-1.0968458447E+00
+543.1700E-06,-1.1255120765E+00,-1.1170899225E+00
+543.2750E-06,-1.0752608198E+00,-1.1456613513E+00
+543.3800E-06,-1.1586061183E+00,-1.1047424710E+00
+543.4850E-06,-1.1512120049E+00,-1.1801193560E+00
+543.5900E-06,-1.1449664915E+00,-1.2234790118E+00
+543.6950E-06,-1.2348444535E+00,-1.2256326371E+00
+543.8000E-06,-1.1847367719E+00,-1.1779657306E+00
+543.9050E-06,-1.1901926226E+00,-1.1779657308E+00
+544.0100E-06,-1.1590368435E+00,-1.1940461327E+00
+544.1150E-06,-1.2401567292E+00,-1.1346060750E+00
+544.2200E-06,-1.1932076979E+00,-1.2579370163E+00
+544.3250E-06,-1.2698049707E+00,-1.2799039944E+00
+544.4300E-06,-1.3034733126E+00,-1.2806218693E+00
+544.5350E-06,-1.3013914748E+00,-1.2477431901E+00
+544.6400E-06,-1.3139542890E+00,-1.2184538861E+00
+544.7450E-06,-1.3226405776E+00,-1.2979944465E+00
+544.8500E-06,-1.3265171032E+00,-1.2583677413E+00
+544.9550E-06,-1.2970124367E+00,-1.3986405352E+00
+545.0600E-06,-1.3265171032E+00,-1.4911028472E+00
+545.1650E-06,-1.3072062631E+00,-1.3713612813E+00
+545.2700E-06,-1.3527913316E+00,-1.3110597735E+00
+545.3750E-06,-1.3767683598E+00,-1.5534144053E+00
+545.4800E-06,-1.4135953523E+00,-1.3819858327E+00
+545.5850E-06,-1.3848803484E+00,-1.3620289049E+00
+545.6900E-06,-1.4185486904E+00,-1.4065371609E+00
+545.7950E-06,-1.4458279440E+00,-1.5063217991E+00
+545.9000E-06,-1.4115853021E+00,-1.5742327834E+00
+546.0050E-06,-1.3721739592E+00,-1.5637518068E+00
+546.1100E-06,-1.4381466804E+00,-1.4342471399E+00
+546.2150E-06,-1.3836599607E+00,-1.4747352952E+00
+546.3200E-06,-1.4660720217E+00,-1.5291502272E+00
+546.4250E-06,-1.4715278724E+00,-1.5799757840E+00
+546.5300E-06,-1.4743275853E+00,-1.5297245276E+00
+546.6350E-06,-1.4591086332E+00,-1.4677001192E+00
+546.7400E-06,-1.4278092791E+00,-1.5805500841E+00
+546.8450E-06,-1.4367827177E+00,-1.6023734871E+00
+546.9500E-06,-1.5056269394E+00,-1.5878724102E+00
+547.0550E-06,-1.4919155252E+00,-1.6072550377E+00
+547.1600E-06,-1.5168975784E+00,-1.5927539608E+00
+547.2650E-06,-1.4587496958E+00,-1.6442973926E+00
+547.3700E-06,-1.5249377795E+00,-1.6401337172E+00
+547.4750E-06,-1.5268042548E+00,-1.6115622882E+00
+547.5800E-06,-1.5176872410E+00,-1.6432923674E+00
+547.6850E-06,-1.5196972913E+00,-1.6356828914E+00
+547.7900E-06,-1.5275221299E+00,-1.6788989724E+00
+547.8950E-06,-1.5514991581E+00,-1.7123519515E+00
+548.0000E-06,-1.5239327545E+00,-1.7041681755E+00
+548.1050E-06,-1.5279528549E+00,-1.6566448443E+00
+548.2100E-06,-1.5009607512E+00,-1.6412823171E+00
+548.3150E-06,-1.5777733865E+00,-1.6408515921E+00
+548.4200E-06,-1.5526477582E+00,-1.6702844712E+00
+548.5250E-06,-1.5486994452E+00,-1.6740174215E+00
+548.6300E-06,-1.5675077727E+00,-1.6323806660E+00
+548.7350E-06,-1.5894747505E+00,-1.6563576942E+00
+548.8400E-06,-1.5812191869E+00,-1.7910310623E+00
+548.9450E-06,-1.5163232784E+00,-1.7580088077E+00
+549.0500E-06,-1.6337676439E+00,-1.7393440555E+00
+549.1550E-06,-1.6117288784E+00,-1.6959843996E+00
+549.2600E-06,-1.5344855182E+00,-1.7189564026E+00
+549.3650E-06,-1.5746147360E+00,-1.7799757856E+00
+549.4700E-06,-1.6118006661E+00,-1.8009377385E+00
+549.5750E-06,-1.6093598907E+00,-1.6833497977E+00
+549.6800E-06,-1.5683692227E+00,-1.7057475005E+00
+549.7850E-06,-1.5835881747E+00,-1.7010095250E+00
+549.8900E-06,-1.5665027477E+00,-1.7130698266E+00
+549.9950E-06,-1.6228559424E+00,-1.8178795905E+00
+550.1000E-06,-1.5770555114E+00,-1.6589420445E+00
+550.2050E-06,-1.5553756835E+00,-1.7580088077E+00
+550.3100E-06,-1.5464740323E+00,-1.7580088077E+00
+550.4150E-06,-1.5342701557E+00,-1.6979944496E+00
+550.5200E-06,-1.5678667103E+00,-1.7808372359E+00
+550.6250E-06,-1.5903362007E+00,-1.7005788000E+00
+550.7300E-06,-1.5901208382E+00,-1.6822011977E+00
+550.8350E-06,-1.5297475426E+00,-1.7344625044E+00
+550.9400E-06,-1.5609751093E+00,-1.7241251034E+00
+551.0450E-06,-1.5652823599E+00,-1.7205357279E+00
+551.1500E-06,-1.5734661359E+00,-1.7163720522E+00
+551.2550E-06,-1.5606161717E+00,-1.7671976090E+00
+551.3600E-06,-1.5783476866E+00,-1.8339599928E+00
+551.4650E-06,-1.5829420872E+00,-1.6791861223E+00
+551.5700E-06,-1.5326190431E+00,-1.6751660218E+00
+551.6750E-06,-1.5512120082E+00,-1.6531990437E+00
+551.7800E-06,-1.6039758274E+00,-1.6478867681E+00
+551.8850E-06,-1.5526477582E+00,-1.6128544635E+00
+551.9900E-06,-1.5510684329E+00,-1.7045989006E+00
+552.0950E-06,-1.5514273705E+00,-1.6850726980E+00
+552.2000E-06,-1.5497762578E+00,-1.7264223036E+00
+552.3050E-06,-1.5631287345E+00,-1.6659772202E+00
+552.4100E-06,-1.5400849440E+00,-1.6681308458E+00
+552.5150E-06,-1.5400849440E+00,-1.6270683904E+00
+552.6200E-06,-1.5313986554E+00,-1.6098393881E+00
+552.7250E-06,-1.5156771908E+00,-1.6309449159E+00
+552.8300E-06,-1.5499198328E+00,-1.6738738464E+00
+552.9350E-06,-1.5085702274E+00,-1.6575062944E+00
+553.0400E-06,-1.5275221299E+00,-1.6844983979E+00
+553.1450E-06,-1.4962945633E+00,-1.7123519514E+00
+553.2500E-06,-1.5275221299E+00,-1.6934000490E+00
+553.3550E-06,-1.4530066949E+00,-1.6072550377E+00
+553.4600E-06,-1.4839471115E+00,-1.6072550377E+00
+553.5650E-06,-1.4939255754E+00,-1.6572191444E+00
+553.6700E-06,-1.5085702273E+00,-1.6325242411E+00
+553.7750E-06,-1.4604008084E+00,-1.5311602775E+00
+553.8800E-06,-1.4795680735E+00,-1.6072550377E+00
+553.9850E-06,-1.4749736727E+00,-1.5821294094E+00
+554.0900E-06,-1.4378595305E+00,-1.5969176364E+00
+554.1950E-06,-1.4069909014E+00,-1.5746635084E+00
+554.3000E-06,-1.4679384970E+00,-1.5957690362E+00
+554.4050E-06,-1.4123031772E+00,-1.5377647284E+00
+554.5100E-06,-1.3906951366E+00,-1.5402055037E+00
+554.6150E-06,-1.3398695799E+00,-1.5773914336E+00
+554.7200E-06,-1.3905515616E+00,-1.6023734871E+00
+554.8250E-06,-1.3552321069E+00,-1.4880877718E+00
+554.9300E-06,-1.3662873835E+00,-1.5255608520E+00
+555.0350E-06,-1.3212048274E+00,-1.5173770758E+00
+555.1400E-06,-1.3357776919E+00,-1.4511889921E+00
+555.2450E-06,-1.3165386394E+00,-1.4010813102E+00
+555.3500E-06,-1.3738968595E+00,-1.5972047866E+00
+555.4550E-06,-1.3642055457E+00,-1.4204639380E+00
+555.5600E-06,-1.3125185387E+00,-1.4593727682E+00
+555.6650E-06,-1.2946434489E+00,-1.3290066508E+00
+555.7700E-06,-1.2724611085E+00,-1.4915335723E+00
+555.8750E-06,-1.2870339729E+00,-1.3559987543E+00
+555.9800E-06,-1.2260145898E+00,-1.3053167726E+00
+556.0850E-06,-1.2452536423E+00,-1.3913182093E+00
+556.1900E-06,-1.2305372028E+00,-1.3060346476E+00
+556.2950E-06,-1.2011043241E+00,-1.2303706126E+00
+556.4000E-06,-1.2436025298E+00,-1.2217561115E+00
+556.5050E-06,-1.1598265061E+00,-1.2374057888E+00
+556.6100E-06,-1.1763376332E+00,-1.2086907850E+00
+556.7150E-06,-1.1397977908E+00,-1.2052449843E+00
+556.8200E-06,-1.1255120765E+00,-1.2052449843E+00
+556.9250E-06,-1.1312550772E+00,-1.2260633619E+00
+557.0300E-06,-1.1255120765E+00,-1.1298680993E+00
+557.1350E-06,-1.1422385661E+00,-1.1271401741E+00
+557.2400E-06,-1.1278810643E+00,-1.2020863338E+00
+557.3450E-06,-1.1230713012E+00,-1.1801193560E+00
+557.4500E-06,-1.1032579486E+00,-1.1679154793E+00
+557.5550E-06,-1.0166104246E+00,-1.1381954505E+00
+557.6600E-06,-1.0506377039E+00,-1.1694948045E+00
+557.7650E-06,-1.1096470368E+00,-1.0598034899E+00
+557.8700E-06,-1.0172565120E+00,-1.1047424710E+00
+557.9750E-06,-1.0325472517E+00,-959.7317015E-03
+558.0800E-06,-1.0222816378E+00,-987.8724055E-03
+558.1850E-06,-944.8947025E-03,-1.0042399576E+00
+558.2900E-06,-1.0250095631E+00,-961.8853272E-03
+558.3950E-06,-924.5070498E-03,-991.3182057E-03
+558.5000E-06,-969.3742432E-03,-918.0949463E-03
+558.6050E-06,-962.4108548E-03,-904.5988943E-03
+558.7100E-06,-883.1574442E-03,-933.3138981E-03
+558.8150E-06,-936.9262890E-03,-794.7640048E-03
+558.9200E-06,-911.9442356E-03,-840.9951610E-03
+559.0250E-06,-899.3814214E-03,-834.8214348E-03
+559.1300E-06,-809.1445219E-03,-869.4230146E-03
+559.2350E-06,-812.3031724E-03,-852.9118875E-03
+559.3400E-06,-827.4503368E-03,-709.6240184E-03
+559.4450E-06,-806.3448090E-03,-767.9154761E-03
+559.5500E-06,-773.7532797E-03,-655.3526609E-03
+559.6550E-06,-776.6965676E-03,-749.2507236E-03
+559.7600E-06,-740.2285127E-03,-700.0044923E-03
+559.8650E-06,-723.5020231E-03,-633.6728335E-03
+559.9700E-06,-757.5293026E-03,-730.2988212E-03
+560.0750E-06,-710.9392089E-03,-621.6125317E-03
+560.1800E-06,-716.1796971E-03,-759.1574004E-03
+560.2850E-06,-696.9406444E-03,-565.4746996E-03
+560.3900E-06,-694.4280816E-03,-565.1875494E-03
+560.4950E-06,-700.9607451E-03,-444.4409585E-03
+560.6000E-06,-671.8150162E-03,-501.7273909E-03
+560.7050E-06,-625.7274351E-03,-541.0669462E-03
+560.8100E-06,-583.8753169E-03,-548.6764222E-03
+560.9150E-06,-584.3778296E-03,-478.4682377E-03
+561.0200E-06,-595.5766812E-03,-461.3828104E-03
+561.1250E-06,-572.7482530E-03,-512.4955171E-03
+561.2300E-06,-535.2751730E-03,-402.0863275E-03
+561.3350E-06,-501.8221936E-03,-389.4517258E-03
+561.4400E-06,-518.2615333E-03,-417.8795798E-03
+561.5450E-06,-497.5149431E-03,-350.8300457E-03
+561.6500E-06,-497.0124304E-03,-392.6103763E-03
+561.7550E-06,-497.3713680E-03,-293.9743384E-03
+561.8600E-06,-508.2112818E-03,-373.8020487E-03
+561.9650E-06,-443.6743109E-03,-271.1459100E-03
+562.0700E-06,-468.5127892E-03,-305.4603396E-03
+562.1750E-06,-401.1761054E-03,-302.8759895E-03
+562.2800E-06,-420.1280077E-03,-211.4187026E-03
+562.3850E-06,-349.4173109E-03,-230.9449049E-03
+562.4900E-06,-356.8114243E-03,-230.0834549E-03
+562.5950E-06,-332.8343962E-03,-154.8501447E-03
+562.7000E-06,-312.1595934E-03,-218.8846033E-03
+562.8050E-06,-285.8853650E-03,-189.7388745E-03
+562.9100E-06,-285.2392774E-03,-148.1021184E-03
+563.0150E-06,-268.5845752E-03,-37.5493543E-03
+563.1200E-06,-312.4467433E-03,-24.3404525E-03
+563.2250E-06,-224.5788317E-03,-46.5945805E-03
+563.3300E-06,-265.7848623E-03,-77.8939347E-03
+563.4350E-06,-257.0267862E-03,+785.1759E-06
+563.5400E-06,-238.4338212E-03,+785.1759E-06
+563.6450E-06,-211.0827801E-03,+18.3013282E-03
+563.7500E-06,-174.3275752E-03,+4.3745514E-03
+563.8550E-06,-133.2651196E-03,+25.9108042E-03
+563.9600E-06,-154.5142224E-03,-36.1136041E-03
+564.0650E-06,-128.9578691E-03,+50.7492826E-03
+564.1700E-06,-133.1215447E-03,+63.6710343E-03
+564.2750E-06,-125.1531312E-03,+100.5698140E-03
+564.3800E-06,-110.2213291E-03,+14.5683778E-03
+564.4850E-06,-95.0741646E-03,+175.5159740E-03
+564.5900E-06,-131.3268569E-03,+115.0708909E-03
+564.6950E-06,-102.8272156E-03,+237.1096574E-03
+564.8000E-06,-97.5149400E-03,+259.2202100E-03
+564.9050E-06,-35.4905316E-03,+321.5317686E-03
+565.0100E-06,-19.9844296E-03,+280.0385882E-03
+565.1150E-06,+3.5618735E-03,+371.3523000E-03
+565.2200E-06,+25.3852765E-03,+282.0486382E-03
+565.3250E-06,+33.4972650E-03,+402.7952293E-03
+565.4300E-06,+20.8626633E-03,+352.5439726E-03
+565.5350E-06,+31.7025773E-03,+352.5439726E-03
+565.6400E-06,+64.0069564E-03,+402.7952293E-03
+565.7450E-06,+79.2259085E-03,+357.7126734E-03
+565.8500E-06,+80.5180837E-03,+402.7952293E-03
+565.9550E-06,+129.6925279E-03,+408.2510800E-03
+566.0600E-06,+64.8684066E-03,+402.7952293E-03
+566.1650E-06,+102.8439993E-03,+379.5360761E-03
+566.2700E-06,+115.5503883E-03,+465.2503624E-03
+566.3750E-06,+118.2065262E-03,+435.0996087E-03
+566.4800E-06,+106.9358871E-03,+452.1850359E-03
+566.5850E-06,+107.8691248E-03,+461.9481371E-03
+566.6900E-06,+164.0787449E-03,+477.8849644E-03
+566.7950E-06,+199.9007121E-03,+465.6810877E-03
+566.9000E-06,+168.0988453E-03,+569.3422512E-03
+567.0050E-06,+247.2086808E-03,+455.4872615E-03
+567.1100E-06,+169.0320830E-03,+403.3695294E-03
+567.2150E-06,+242.1117677E-03,+669.8447651E-03
+567.3200E-06,+242.4707052E-03,+480.1821643E-03
+567.4250E-06,+242.7578552E-03,+553.5489993E-03
+567.5300E-06,+262.2840578E-03,+607.5332066E-03
+567.6350E-06,+264.7966208E-03,+492.2424664E-03
+567.7400E-06,+294.8755872E-03,+746.6573998E-03
+567.8450E-06,+291.6451493E-03,+545.5087980E-03
+567.9500E-06,+281.5231104E-03,+647.5906368E-03
+568.0550E-06,+273.1239719E-03,+729.4283977E-03
+568.1600E-06,+268.9602963E-03,+697.5547433E-03
+568.2650E-06,+303.3465133E-03,+747.9495751E-03
+568.3700E-06,+304.0643884E-03,+692.0988929E-03
+568.4750E-06,+319.9294280E-03,+750.2467755E-03
+568.5800E-06,+344.3371813E-03,+749.0981753E-03
+568.6850E-06,+330.1232544E-03,+823.7571851E-03
+568.7900E-06,+359.6997082E-03,+818.3013344E-03
+568.8950E-06,+318.0629528E-03,+704.3027693E-03
+569.0000E-06,+321.0062407E-03,+783.2690301E-03
+569.1050E-06,+331.7743671E-03,+829.9309110E-03
+569.2100E-06,+323.6623785E-03,+834.3817366E-03
+569.3150E-06,+340.2452932E-03,+804.8052827E-03
+569.4200E-06,+369.6063847E-03,+804.8052827E-03
+569.5250E-06,+386.3328744E-03,+788.2941555E-03
+569.6300E-06,+368.2424218E-03,+749.9596254E-03
+569.7350E-06,+395.4498881E-03,+804.2309826E-03
+569.8400E-06,+382.0256238E-03,+804.8052827E-03
+569.9450E-06,+387.1225370E-03,+807.5332082E-03
+570.0500E-06,+357.9768081E-03,+841.4169125E-03
+570.1550E-06,+342.4707060E-03,+820.3113847E-03
+570.2600E-06,+432.2768805E-03,+913.6351470E-03
+570.3650E-06,+414.9760905E-03,+853.4772141E-03
+570.4700E-06,+405.9308645E-03,+804.8052827E-03
+570.5750E-06,+397.8188759E-03,+804.8052827E-03
+570.6800E-06,+461.5661844E-03,+848.7392386E-03
+570.7850E-06,+422.1548414E-03,+890.8067191E-03
+570.8900E-06,+429.6207427E-03,+861.6609903E-03
+570.9950E-06,+471.2574982E-03,+807.3896331E-03
+571.1000E-06,+458.8382589E-03,+877.3106674E-03
+571.2050E-06,+472.6932483E-03,+835.3867617E-03
+571.3100E-06,+447.9265576E-03,+804.8052827E-03
+571.4150E-06,+446.7061698E-03,+907.1742712E-03
+571.5200E-06,+456.2539087E-03,+998.2008333E-03
+571.6250E-06,+428.6875051E-03,+847.8777883E-03
+571.7300E-06,+481.8820496E-03,+903.5848960E-03
+571.8350E-06,+480.3027244E-03,+909.7586216E-03
+571.9400E-06,+486.6200252E-03,+930.4334244E-03
+572.0450E-06,+438.8095440E-03,+968.3372295E-03
+572.1500E-06,+419.7140663E-03,+929.7155491E-03
+572.2550E-06,+429.9796801E-03,+843.7141130E-03
+572.3600E-06,+445.7011448E-03,+883.6279684E-03
+572.4650E-06,+479.0823367E-03,+891.5245944E-03
+572.5700E-06,+449.9366078E-03,+804.8052827E-03
+572.6750E-06,+459.5561342E-03,+893.8217945E-03
+572.7800E-06,+454.4592209E-03,+852.9029143E-03
+572.8850E-06,+432.2768805E-03,+804.8052827E-03
+572.9900E-06,+435.4355310E-03,+856.6358646E-03
+573.0950E-06,+466.3041600E-03,+802.3645074E-03
+573.2000E-06,+463.8633846E-03,+817.7270343E-03
+573.3050E-06,+475.2058111E-03,+844.5755630E-03
+573.4100E-06,+412.4635278E-03,+829.9309110E-03
+573.5150E-06,+435.5791059E-03,+823.3264601E-03
+573.6200E-06,+419.7140663E-03,+894.9703945E-03
+573.7250E-06,+455.2488836E-03,+860.7995400E-03
+573.8300E-06,+398.3931758E-03,+785.1355050E-03
+573.9350E-06,+400.9775262E-03,+836.1046369E-03
+574.0400E-06,+380.1591486E-03,+889.9452691E-03
+574.1450E-06,+423.5188043E-03,+842.8526629E-03
+574.2500E-06,+371.2574974E-03,+801.2159072E-03
+574.3550E-06,+394.8038005E-03,+806.0974577E-03
+574.4600E-06,+396.0241882E-03,+840.4118871E-03
+574.5650E-06,+352.6645324E-03,+821.4599849E-03
+574.6700E-06,+344.4089688E-03,+779.9668045E-03
+574.7750E-06,+365.5144966E-03,+804.8052827E-03
+574.8800E-06,+302.0543381E-03,+866.3989657E-03
+574.9850E-06,+404.8540516E-03,+804.8052827E-03
+575.0900E-06,+328.3285667E-03,+894.9703948E-03
+575.1950E-06,+268.9602963E-03,+807.5332082E-03
+575.3000E-06,+295.1627373E-03,+845.7241632E-03
+575.4050E-06,+297.0292125E-03,+801.0723321E-03
+575.5100E-06,+298.2496001E-03,+757.4255266E-03
+575.6150E-06,+305.8590761E-03,+804.8052827E-03
+575.7200E-06,+287.6250486E-03,+777.2388791E-03
+575.8250E-06,+287.9839862E-03,+785.4226552E-03
+575.9300E-06,+289.9222490E-03,+733.5920733E-03
+576.0350E-06,+265.5862833E-03,+669.5576144E-03
+576.1400E-06,+274.2725718E-03,+710.9072202E-03
+576.2450E-06,+278.9387600E-03,+721.6753465E-03
+576.3500E-06,+220.1447897E-03,+598.0572554E-03
+576.4550E-06,+181.0205971E-03,+709.7586200E-03
+576.5600E-06,+243.8346679E-03,+676.3056404E-03
+576.6650E-06,+154.9617312E-03,+528.4233710E-03
+576.7700E-06,+249.9366061E-03,+638.8325606E-03
+576.8750E-06,+195.3780990E-03,+704.3027693E-03
+576.9800E-06,+193.1526862E-03,+678.3156910E-03
+577.0850E-06,+191.3579985E-03,+636.2482105E-03
+577.1900E-06,+130.9129154E-03,+545.6523730E-03
+577.2950E-06,+99.2546237E-03,+591.1656543E-03
+577.4000E-06,+151.2287805E-03,+503.2977426E-03
+577.5050E-06,+163.8633823E-03,+494.1089413E-03
+577.6100E-06,+118.4936763E-03,+529.5719712E-03
+577.7150E-06,+77.0722833E-03,+499.8519422E-03
+577.8200E-06,+98.1778111E-03,+495.8318417E-03
+577.9250E-06,+110.3099001E-03,+468.8397382E-03
+578.0300E-06,+75.7083206E-03,+437.5403839E-03
+578.1350E-06,+80.5180837E-03,+408.3946551E-03
+578.2400E-06,+78.9387585E-03,+496.9804416E-03
+578.3450E-06,+40.3888659E-03,+448.1649354E-03
+578.4500E-06,+15.1914499E-03,+377.6696009E-03
+578.5550E-06,-2.1811273E-03,+342.0629963E-03
+578.6600E-06,+28.8310768E-03,+424.0443322E-03
+578.7650E-06,-39.1516947E-03,+402.7952293E-03
+578.8700E-06,-13.5235537E-03,+414.9991057E-03
+578.9750E-06,+5.8590738E-03,+377.6696009E-03
+579.0800E-06,-66.4309484E-03,+352.5439726E-03
+579.1850E-06,-115.7489674E-03,+299.4212153E-03
+579.2900E-06,-113.7389171E-03,+315.7887677E-03
+579.3950E-06,-131.9011570E-03,+284.7765636E-03
+579.5000E-06,-88.1825637E-03,+191.0220763E-03
+579.6050E-06,-83.6599505E-03,+254.6258093E-03
+579.7100E-06,-120.4869430E-03,+260.9431104E-03
+579.8150E-06,-120.3433680E-03,+335.6021204E-03
+579.9200E-06,-145.7561464E-03,+176.5209991E-03
+580.0250E-06,-175.7633255E-03,+202.5080778E-03
+580.1300E-06,-232.3318827E-03,+195.0421769E-03
+580.2350E-06,-170.4510496E-03,+200.0673022E-03
+580.3400E-06,-222.7123565E-03,+144.6473451E-03
+580.4450E-06,-237.2852210E-03,+65.9682345E-03
+580.5500E-06,-281.6499018E-03,+785.1759E-06
+580.6550E-06,-276.0504761E-03,-8.8343504E-03
+580.7600E-06,-322.8559323E-03,+39.8375810E-03
+580.8650E-06,-307.3498302E-03,+785.1759E-06
+580.9700E-06,-271.2407130E-03,-1.6555994E-03
+581.0750E-06,-321.4919697E-03,-23.6225775E-03
+581.1800E-06,-336.1366216E-03,-45.3024052E-03
+581.2850E-06,-396.8688547E-03,-57.2191316E-03
+581.3900E-06,-393.5666292E-03,-5.8192750E-03
+581.4950E-06,-402.0375554E-03,-49.4660808E-03
+581.6000E-06,-420.5587329E-03,-157.1473449E-03
+581.7050E-06,-399.5967800E-03,-171.7919969E-03
+581.8100E-06,-442.1667734E-03,-149.9685941E-03
+581.9150E-06,-423.8609582E-03,-84.3548106E-03
+582.0200E-06,-472.2457397E-03,-202.5170510E-03
+582.1250E-06,-522.4969964E-03,-246.8817317E-03
+582.2300E-06,-509.9341822E-03,-296.8458390E-03
+582.3350E-06,-524.7224091E-03,-356.7166220E-03
+582.4400E-06,-518.4051083E-03,-333.7446188E-03
+582.5450E-06,-534.9880230E-03,-388.7338509E-03
+582.6500E-06,-527.1631846E-03,-368.2026232E-03
+582.7550E-06,-585.3110672E-03,-405.8192782E-03
+582.8600E-06,-597.0124312E-03,-351.5479210E-03
+582.9650E-06,-541.9514114E-03,-404.6706779E-03
+583.0700E-06,-583.9471045E-03,-371.3612737E-03
+583.1750E-06,-672.1739537E-03,-333.0267432E-03
+583.2800E-06,-658.8214769E-03,-323.6943674E-03
+583.3850E-06,-697.0124321E-03,-390.1696013E-03
+583.4900E-06,-654.4424391E-03,-426.3505058E-03
+583.5950E-06,-649.3455257E-03,-501.7273909E-03
+583.7000E-06,-714.1696468E-03,-484.4983882E-03
+583.8050E-06,-718.2615349E-03,-489.2363639E-03
+583.9100E-06,-712.3749592E-03,-591.6053528E-03
+584.0150E-06,-749.2737391E-03,-558.5830985E-03
+584.1200E-06,-787.6082691E-03,-700.1480672E-03
+584.2250E-06,-807.8523469E-03,-698.4251671E-03
+584.3300E-06,-790.1208318E-03,-584.7137516E-03
+584.4350E-06,-827.0913994E-03,-731.1602712E-03
+584.5400E-06,-793.0641198E-03,-727.8580459E-03
+584.6450E-06,-836.5673506E-03,-733.1703218E-03
+584.7500E-06,-904.7654847E-03,-706.3217931E-03
+584.8550E-06,-874.4711556E-03,-826.6376592E-03
+584.9600E-06,-885.3828570E-03,-844.5845365E-03
+585.0650E-06,-878.6348311E-03,-761.4546003E-03
+585.1700E-06,-924.5788373E-03,-752.8400991E-03
+585.2750E-06,-924.5070498E-03,-828.3605592E-03
+585.3800E-06,-933.6958511E-03,-885.3598416E-03
+585.4850E-06,-948.7712279E-03,-902.5888440E-03
+585.5900E-06,-951.3555783E-03,-853.4861876E-03
+585.6950E-06,-997.5149470E-03,-815.4388073E-03
+585.8000E-06,-1.0135235616E+00,-961.1674517E-03
+585.9050E-06,-1.0054833607E+00,-922.9764969E-03
+586.0100E-06,-1.0570985798E+00,-914.9362958E-03
+586.1150E-06,-1.0281682136E+00,-866.1207896E-03
+586.2200E-06,-1.0464740285E+00,-1.0220432601E+00
+586.3250E-06,-1.1190512006E+00,-1.0415694627E+00
+586.4300E-06,-1.1234302386E+00,-1.0691358663E+00
+586.5350E-06,-1.0984481854E+00,-1.1549937276E+00
+586.6400E-06,-1.1096470368E+00,-1.0372622122E+00
+586.7450E-06,-1.1367827154E+00,-1.1376211505E+00
+586.8500E-06,-1.1499198297E+00,-1.2066807345E+00
+586.9550E-06,-1.1353469653E+00,-1.1101983216E+00
+587.0600E-06,-1.1679384946E+00,-1.1483892770E+00
+587.1650E-06,-1.1932076980E+00,-1.1512607773E+00
+587.2700E-06,-1.1582471808E+00,-1.1473842516E+00
+587.3750E-06,-1.1972995859E+00,-1.2878006200E+00
+587.4800E-06,-1.2881825731E+00,-1.1809808060E+00
+587.5850E-06,-1.1994532112E+00,-1.2465945899E+00
+587.6900E-06,-1.2219227017E+00,-1.2134287605E+00
+587.7950E-06,-1.2512837932E+00,-1.2934000461E+00
+587.9000E-06,-1.2514991558E+00,-1.2217561115E+00
+588.0050E-06,-1.3162514893E+00,-1.2784682442E+00
+588.1100E-06,-1.3253685029E+00,-1.2554962410E+00
+588.2150E-06,-1.2654259325E+00,-1.3091932981E+00
+588.3200E-06,-1.3292450286E+00,-1.2527683155E+00
+588.4250E-06,-1.3082112882E+00,-1.3129262484E+00
+588.5300E-06,-1.3572421574E+00,-1.3559987543E+00
+588.6350E-06,-1.3627697954E+00,-1.3447999028E+00
+588.7400E-06,-1.3775580225E+00,-1.3559987543E+00
+588.8450E-06,-1.4196972907E+00,-1.4718637949E+00
+588.9500E-06,-1.3670770461E+00,-1.4005070101E+00
+589.0550E-06,-1.3778451724E+00,-1.4543476426E+00
+589.1600E-06,-1.3443921930E+00,-1.4477431920E+00
+589.2650E-06,-1.3609033202E+00,-1.3930411092E+00
+589.3700E-06,-1.4170411527E+00,-1.3992148354E+00
+589.4750E-06,-1.4381466805E+00,-1.5261351521E+00
+589.5800E-06,-1.4073498388E+00,-1.4728688197E+00
+589.6850E-06,-1.4585343331E+00,-1.4692794442E+00
+589.7900E-06,-1.4165386403E+00,-1.4853598463E+00
+589.8950E-06,-1.4521452448E+00,-1.5493943050E+00
+590.0000E-06,-1.4557346204E+00,-1.5390569037E+00
+590.1050E-06,-1.5266606798E+00,-1.5821294094E+00
+590.2100E-06,-1.4876082746E+00,-1.6397029922E+00
+590.3150E-06,-1.4939255754E+00,-1.6072550377E+00
+590.4200E-06,-1.5275221299E+00,-1.6198896394E+00
+590.5250E-06,-1.5278810675E+00,-1.5735149082E+00
+590.6300E-06,-1.5069909022E+00,-1.6164438390E+00
+590.7350E-06,-1.5278092799E+00,-1.5079011246E+00
+590.8400E-06,-1.5331933432E+00,-1.6609520948E+00
+590.9450E-06,-1.5135953529E+00,-1.5617417565E+00
+591.0500E-06,-1.5411617567E+00,-1.6553526690E+00
+591.1550E-06,-1.5275221299E+00,-1.6842112483E+00
+591.2600E-06,-1.5498480453E+00,-1.7356111046E+00
+591.3650E-06,-1.5416642693E+00,-1.6371186418E+00
+591.4700E-06,-1.5287425175E+00,-1.6121365883E+00
+591.5750E-06,-1.5494173203E+00,-1.7020145502E+00
+591.6800E-06,-1.5327626180E+00,-1.5738020581E+00
+591.7850E-06,-1.5434589570E+00,-1.6507582683E+00
+591.8900E-06,-1.5586061214E+00,-1.6072550377E+00
+591.9950E-06,-1.5439614696E+00,-1.6974201495E+00
+592.1000E-06,-1.5275221299E+00,-1.8513325703E+00
+592.2050E-06,-1.5624826470E+00,-1.6880877734E+00
+592.3100E-06,-1.5635594597E+00,-1.6982815998E+00
+592.4150E-06,-1.5719585982E+00,-1.6575062944E+00
+592.5200E-06,-1.5313268679E+00,-1.7077575510E+00
+592.6250E-06,-1.5544424459E+00,-1.6252019153E+00
+592.7300E-06,-1.5400849440E+00,-1.7567166327E+00
+592.8350E-06,-1.5807884618E+00,-1.7697819594E+00
+592.9400E-06,-1.5652105724E+00,-1.6908156989E+00
+593.0450E-06,-1.5653541475E+00,-1.7832780112E+00
+593.1500E-06,-1.5903362007E+00,-1.6912464239E+00
+593.2550E-06,-1.5903362007E+00,-1.6575062944E+00
+593.3600E-06,-1.5403720941E+00,-1.7334574795E+00
+593.4650E-06,-1.5977303142E+00,-1.7156541773E+00
+593.5700E-06,-1.6066319653E+00,-1.7376211548E+00
+593.6750E-06,-1.5709535731E+00,-1.6890927988E+00
+593.7800E-06,-1.5729636234E+00,-1.6649721956E+00
+593.8850E-06,-1.5959356265E+00,-1.7077575510E+00
+593.9900E-06,-1.5424539319E+00,-1.8082600644E+00
+594.0950E-06,-1.5627697971E+00,-1.6623878449E+00
+594.2000E-06,-1.6215637674E+00,-1.7012966752E+00
+594.3050E-06,-1.5766965740E+00,-1.6972765747E+00
+594.4100E-06,-1.5883979380E+00,-1.8517632950E+00
+594.5150E-06,-1.5466893949E+00,-1.7765299851E+00
+594.6200E-06,-1.5500634078E+00,-1.8056757140E+00
+594.7250E-06,-1.5512120080E+00,-1.7285759290E+00
+594.8300E-06,-1.5947152388E+00,-1.7470971064E+00
+594.9350E-06,-1.5540835085E+00,-1.7703562595E+00
+595.0400E-06,-1.5545142333E+00,-1.7212536028E+00
+595.1450E-06,-1.5138107156E+00,-1.6201767896E+00
+595.2500E-06,-1.5705946355E+00,-1.6144337887E+00
+595.3550E-06,-1.5522170332E+00,-1.7562859077E+00
+595.4600E-06,-1.5252967171E+00,-1.7239815283E+00
+595.5650E-06,-1.5402285190E+00,-1.6908156989E+00
+595.6700E-06,-1.5588214839E+00,-1.6824883476E+00
+595.7750E-06,-1.5067037521E+00,-1.7084754263E+00
+595.8800E-06,-1.5321165305E+00,-1.6302270410E+00
+595.9850E-06,-1.5283835800E+00,-1.6580805945E+00
+596.0900E-06,-1.5166822159E+00,-1.6540604940E+00
+596.1950E-06,-1.5363519935E+00,-1.6677001208E+00
+596.3000E-06,-1.5515709455E+00,-1.6847855481E+00
+596.4050E-06,-1.5179026035E+00,-1.6072550377E+00
+596.5100E-06,-1.5540117208E+00,-1.6463074428E+00
+596.6150E-06,-1.4827985116E+00,-1.7548501572E+00
+596.7200E-06,-1.4797116485E+00,-1.5716484327E+00
+596.8250E-06,-1.5242916919E+00,-1.6137159135E+00
+596.9300E-06,-1.5201998039E+00,-1.5926103857E+00
+597.0350E-06,-1.4932077004E+00,-1.6246276152E+00
+597.1400E-06,-1.4852392865E+00,-1.6270683905E+00
+597.2450E-06,-1.4560217704E+00,-1.6020863369E+00
+597.3500E-06,-1.5009607514E+00,-1.6603777947E+00
+597.4550E-06,-1.4707382100E+00,-1.6520504437E+00
+597.5600E-06,-1.4362802054E+00,-1.5977790865E+00
+597.6650E-06,-1.4277374912E+00,-1.6556398192E+00
+597.7700E-06,-1.3615494077E+00,-1.5920360856E+00
+597.8750E-06,-1.3893311742E+00,-1.5641825321E+00
+597.9800E-06,-1.3771990848E+00,-1.5327396027E+00
+598.0850E-06,-1.3982328251E+00,-1.5156541754E+00
+598.1900E-06,-1.3978021001E+00,-1.5155106003E+00
+598.2950E-06,-1.3201280147E+00,-1.4941179226E+00
+598.4000E-06,-1.3767683598E+00,-1.4385543901E+00
+598.5050E-06,-1.3721739592E+00,-1.4381236650E+00
+598.6100E-06,-1.3636312455E+00,-1.5056039241E+00
+598.7150E-06,-1.3265171032E+00,-1.4816268960E+00
+598.8200E-06,-1.3088573758E+00,-1.4816268960E+00
+598.9250E-06,-1.3071344756E+00,-1.4888056467E+00
+599.0300E-06,-1.2965817117E+00,-1.3442256029E+00
+599.1350E-06,-1.3139542890E+00,-1.4257762135E+00
+599.2400E-06,-1.3257274405E+00,-1.4392722656E+00
+599.3450E-06,-1.3026118625E+00,-1.4516197171E+00
+599.4500E-06,-1.2794962844E+00,-1.2813397442E+00
+599.5550E-06,-1.2218509142E+00,-1.3203921496E+00
+599.6600E-06,-1.2530784809E+00,-1.2371186387E+00
+599.7650E-06,-1.2253685021E+00,-1.3374775769E+00
+599.8700E-06,-1.2334087032E+00,-1.2155823859E+00
+599.9750E-06,-1.1926333977E+00,-1.2806218693E+00
+600.0800E-06,-1.1479097795E+00,-1.2216125363E+00
+600.1850E-06,-1.1710253575E+00,-1.3180949495E+00
+600.2900E-06,-1.1380748906E+00,-1.2052449843E+00
+600.3950E-06,-1.1331215525E+00,-1.2501839651E+00
+600.5000E-06,-1.1380748906E+00,-1.1155105975E+00
+600.6050E-06,-1.1250813514E+00,-1.1796886310E+00
+600.7100E-06,-1.1269478268E+00,-1.2007941588E+00
+600.8150E-06,-1.1255120765E+00,-1.1552808775E+00
+600.9200E-06,-1.1002428730E+00,-1.1674847542E+00
+601.0250E-06,-1.0957202599E+00,-1.1959126079E+00
+601.1300E-06,-1.1117288745E+00,-1.1801193560E+00
+601.2350E-06,-975.3326066E-03,-1.0790425425E+00
+601.3400E-06,-1.0102213360E+00,-1.0865084434E+00
+601.4450E-06,-971.0253560E-03,-1.1176642229E+00
+601.5500E-06,-1.0203433751E+00,-976.9607039E-03
+601.6550E-06,-976.6247817E-03,-1.0544912143E+00
+601.7600E-06,-997.0842219E-03,-1.0013684570E+00
+601.8650E-06,-948.8430155E-03,-856.6448381E-03
+601.9700E-06,-995.0023842E-03,-996.9176318E-03
+602.0750E-06,-924.5070498E-03,-959.7317018E-03
+602.1800E-06,-908.7855852E-03,-897.4201436E-03
+602.2850E-06,-892.1308830E-03,-871.8637899E-03
+602.3900E-06,-881.5063317E-03,-873.2995404E-03
+602.4950E-06,-815.3182478E-03,-873.4431151E-03
+602.6000E-06,-825.4402866E-03,-852.0504374E-03
+602.7050E-06,-805.4115713E-03,-822.9047086E-03
+602.8100E-06,-813.0928349E-03,-812.7108821E-03
+602.9150E-06,-812.3749598E-03,-816.7309827E-03
+603.0200E-06,-766.5027415E-03,-702.7324176E-03
+603.1250E-06,-737.8595250E-03,-760.1624253E-03
+603.2300E-06,-749.2737389E-03,-704.0245926E-03
+603.3350E-06,-758.9650528E-03,-550.6864718E-03
+603.4400E-06,-752.7195395E-03,-660.6649371E-03
+603.5450E-06,-736.1366248E-03,-564.7568244E-03
+603.6500E-06,-715.2464595E-03,-643.8666597E-03
+603.7550E-06,-718.9076224E-03,-627.3555325E-03
+603.8600E-06,-648.1251380E-03,-647.8867599E-03
+603.9650E-06,-687.5364808E-03,-617.0181313E-03
+604.0700E-06,-656.9550017E-03,-494.2614899E-03
+604.1750E-06,-579.5680665E-03,-522.5457684E-03
+604.2800E-06,-639.5824242E-03,-451.4761342E-03
+604.3850E-06,-620.1997968E-03,-532.4524450E-03
+604.4900E-06,-594.7152309E-03,-566.0489991E-03
+604.5950E-06,-558.9650512E-03,-486.3648636E-03
+604.7000E-06,-532.1883101E-03,-388.3031259E-03
+604.8050E-06,-540.3002987E-03,-380.2629248E-03
+604.9100E-06,-533.1215478E-03,-311.3469156E-03
+605.0150E-06,-506.6319567E-03,-337.7647190E-03
+605.1200E-06,-506.0576566E-03,-401.2248775E-03
+605.2250E-06,-486.2443040E-03,-370.3562486E-03
+605.3300E-06,-494.6434427E-03,-350.9736208E-03
+605.4350E-06,-461.3340382E-03,-281.7704617E-03
+605.5400E-06,-452.0016621E-03,-302.5888393E-03
+605.6450E-06,-419.3383451E-03,-297.7072884E-03
+605.7500E-06,-350.2069737E-03,-182.2729735E-03
+605.8550E-06,-346.4022355E-03,-223.6225791E-03
+605.9600E-06,-392.4180291E-03,-239.9901315E-03
+606.0650E-06,-375.6915395E-03,-175.0942225E-03
+606.1700E-06,-321.4919697E-03,-162.4596207E-03
+606.2750E-06,-316.8257814E-03,-183.7087237E-03
+606.3800E-06,-300.9607420E-03,-108.9061388E-03
+606.4850E-06,-294.3562909E-03,-28.3605533E-03
+606.5900E-06,-316.3232690E-03,-12.9980258E-03
+606.6950E-06,-288.9004404E-03,-82.7754856E-03
+606.8000E-06,-282.7267145E-03,+14.4248027E-03
+606.9050E-06,-294.4998660E-03,-14.7209261E-03
+607.0100E-06,-269.8049627E-03,-108.0446884E-03
+607.1150E-06,-149.5608844E-03,-51.0454060E-03
+607.2200E-06,-190.9822774E-03,+785.1759E-06
+607.3250E-06,-167.5077617E-03,+38.1146809E-03
+607.4300E-06,-145.6125713E-03,-5.5321248E-03
+607.5350E-06,-138.3620329E-03,+36.5353557E-03
+607.6400E-06,-139.0081204E-03,+37.8275307E-03
+607.7450E-06,-95.3613146E-03,+785.1759E-06
+607.8500E-06,-109.3598789E-03,+194.6114519E-03
+607.9550E-06,-86.6032383E-03,+140.6272446E-03
+608.0600E-06,-120.4869430E-03,+226.9158309E-03
+608.1650E-06,-103.0425781E-03,+193.8935763E-03
+608.2700E-06,-55.0167342E-03,+207.1024785E-03
+608.3750E-06,-36.1366193E-03,+248.4520837E-03
+608.4800E-06,-69.8049613E-03,+301.8619909E-03
+608.5850E-06,-1.5350396E-03,+348.0931471E-03
+608.6900E-06,+21.5087511E-03,+319.2345681E-03
+608.7950E-06,+42.6142786E-03,+352.8311228E-03
+608.9000E-06,+58.9818308E-03,+385.5662269E-03
+609.0050E-06,+45.1268416E-03,+327.4183443E-03
+609.1100E-06,+68.2424196E-03,+402.7952293E-03
+609.2150E-06,+93.0808979E-03,+381.1154014E-03
+609.3200E-06,+91.7169351E-03,+370.2037000E-03
+609.4250E-06,+105.6437121E-03,+368.3372249E-03
+609.5300E-06,+94.9473732E-03,+371.7830253E-03
+609.6350E-06,+80.5180837E-03,+422.3214318E-03
+609.7400E-06,+106.4333747E-03,+567.6193508E-03
+609.8450E-06,+118.2065262E-03,+457.9280365E-03
+609.9500E-06,+139.7427792E-03,+415.7169809E-03
+610.0550E-06,+142.2553421E-03,+438.4018340E-03
+610.1600E-06,+139.4556292E-03,+402.7952293E-03
+610.2650E-06,+177.7183716E-03,+478.1721143E-03
+610.3700E-06,+184.8971227E-03,+450.4621356E-03
+610.4750E-06,+218.7090396E-03,+430.7923579E-03
+610.5800E-06,+154.2438559E-03,+438.8325590E-03
+610.6850E-06,+246.9215309E-03,+584.8483536E-03
+610.7900E-06,+274.7750846E-03,+690.8067176E-03
+610.8950E-06,+236.2251919E-03,+470.5626382E-03
